state,week,population_100k,ed_visit_rate,naloxone_admin_rate,subprogram_type,copresent_subrate
AL,1,49.7,,13.1,,0.0
AL,2,28.9,,20.05,,0.0
AL,3,37.3,6.39,22.03,,0.0
AL,4,49.5,6.83,18.47,,0.0
AL,5,51.6,6.81,11.7,,0.0
AL,6,58.5,,12.48,,0.0
AL,7,62.2,7.24,17.58,,0.0
AL,8,44.7,,16.07,,0.0
AL,9,18.1,6.84,12.88,,0.0
AL,10,26.9,,14.6,,0.0
AL,11,57.2,,12.63,,0.0
AL,12,27.5,,16.82,,0.0
AL,13,19.7,,19.63,,0.0
AL,14,19.7,7.17,15.2,,0.0
AL,15,52.8,,25.73,,0.0
AL,16,46.7,9.1,16.08,,0.0
AL,17,34.6,,14.47,,0.0
AL,18,42.3,,13.9,,0.0
AL,19,59.4,,,,0.0
AL,20,23.1,6.85,,,0.0
AL,21,62.1,,,,0.0
AL,22,36.0,,,,0.0
AL,23,41.7,7.75,20.97,,0.0
AL,24,30.9,6.61,11.93,,0.0
AL,25,45.8,,18.59,,0.0
AL,26,36.1,6.7,16.11,,0.0
AL,27,54.1,7.27,10.57,,0.0
AL,28,58.2,4.55,6.59,,0.0
AL,29,22.4,,13.27,,0.0
AL,30,46.1,,13.84,,0.0
AL,31,55.6,,10.5,,0.0
AL,32,48.1,3.29,6.93,,0.0
AL,33,36.9,5.87,13.13,,0.0
AL,34,22.7,4.03,12.26,,0.0
AL,35,18.8,,6.94,,0.0
AL,36,48.0,5.63,13.25,,0.0
AL,37,22.8,,16.29,,0.0
AL,38,61.3,,6.88,,0.0
AL,39,48.1,,12.11,,0.0
AL,40,47.0,6.56,13.39,,0.0
AL,41,23.4,4.74,10.04,,0.0
AL,42,57.3,,15.55,,0.0
AL,43,52.4,5.51,17.67,,0.0
AL,44,43.5,4.67,13.84,,0.0
AL,45,20.3,3.4,5.4,,0.0
AL,46,62.5,5.33,13.09,,0.0
AL,47,38.0,7.33,17.36,,0.0
AL,48,31.6,6.75,10.24,,0.0
AL,49,56.1,4.56,9.52,,0.0
AL,50,22.7,,10.2,,0.0
AL,51,21.5,7.29,20.02,,0.0
AL,52,45.9,4.4,11.72,,0.0
AZ,1,37.2,9.61,26.22,pharmacy,3.12
AZ,2,35.3,7.21,16.2,pharmacy,1.84
AZ,3,50.5,9.3,15.93,pharmacy,1.97
AZ,4,52.2,8.8,22.82,pharmacy,2.17
AZ,5,66.9,9.85,23.92,pharmacy,4.6
AZ,6,30.0,8.61,16.08,pharmacy,2.64
AZ,7,61.7,10.23,17.86,pharmacy,5.07
AZ,8,28.3,9.56,24.61,pharmacy,3.56
AZ,9,58.0,10.63,28.81,pharmacy,3.07
AZ,10,65.8,11.24,23.83,pharmacy,5.38
AZ,11,26.4,10.01,20.42,pharmacy,4.34
AZ,12,42.1,10.15,18.51,pharmacy,3.6
AZ,13,36.2,10.99,,pharmacy,3.17
AZ,14,23.4,8.34,,pharmacy,3.53
AZ,15,59.2,11.36,,pharmacy,3.82
AZ,16,59.4,9.11,,pharmacy,3.34
AZ,17,50.1,8.13,19.44,pharmacy,2.51
AZ,18,27.1,10.81,35.87,pharmacy,2.76
AZ,19,59.8,10.35,23.41,pharmacy,3.48
AZ,20,49.7,10.01,16.43,pharmacy,4.39
AZ,21,39.9,10.77,25.24,pharmacy,5.33
AZ,22,50.9,9.77,21.82,pharmacy,4.75
AZ,23,33.2,9.58,12.37,pharmacy,2.96
AZ,24,64.4,8.82,22.94,pharmacy,2.24
AZ,25,52.4,9.47,27.25,pharmacy,4.25
AZ,26,63.7,10.45,19.79,pharmacy,4.8
AZ,27,47.1,9.39,25.66,pharmacy,2.44
AZ,28,49.0,7.94,,pharmacy,3.53
AZ,29,66.3,7.12,,pharmacy,2.03
AZ,30,30.5,9.19,23.15,pharmacy,4.17
AZ,31,43.6,8.31,16.32,pharmacy,2.21
AZ,32,44.1,9.69,18.79,pharmacy,2.26
AZ,33,53.1,7.65,23.31,pharmacy,2.63
AZ,34,39.9,5.83,17.31,pharmacy,1.88
AZ,35,64.2,7.83,22.47,pharmacy,3.8
AZ,36,57.6,7.36,8.1,pharmacy,3.18
AZ,37,35.9,8.8,24.24,pharmacy,3.2
AZ,38,48.2,7.9,19.03,pharmacy,2.14
AZ,39,59.2,8.17,25.65,pharmacy,2.47
AZ,40,56.5,7.21,21.48,pharmacy,3.48
AZ,41,53.2,8.46,12.78,pharmacy,2.31
AZ,42,46.4,8.63,22.04,pharmacy,3.81
AZ,43,32.8,9.14,26.7,pharmacy,3.51
AZ,44,41.5,9.01,14.89,pharmacy,4.26
AZ,45,42.2,6.75,11.08,pharmacy,2.29
AZ,46,64.1,8.63,18.58,pharmacy,4.11
AZ,47,48.4,9.21,15.3,pharmacy,3.36
AZ,48,40.8,10.08,25.63,pharmacy,3.01
AZ,49,52.2,8.97,26.36,pharmacy,2.49
AZ,50,64.1,7.72,20.78,pharmacy,3.24
AZ,51,61.8,6.82,19.21,pharmacy,1.91
AZ,52,40.5,7.48,17.71,pharmacy,3.23
CA,1,26.1,8.75,20.41,,0.0
CA,2,24.1,8.66,19.95,,0.0
CA,3,32.5,9.99,23.47,,0.0
CA,4,27.4,9.65,19.26,,0.0
CA,5,53.2,9.75,18.37,,0.0
CA,6,32.1,10.68,13.93,,0.0
CA,7,42.0,11.35,22.31,,0.0
CA,8,60.2,10.35,27.87,,0.0
CA,9,65.6,10.89,20.47,,0.0
CA,10,57.7,10.3,27.57,,0.0
CA,11,52.9,11.05,24.56,,0.0
CA,12,58.8,10.16,14.73,,0.0
CA,13,45.6,9.63,24.99,,0.0
CA,14,41.6,10.76,27.78,,0.0
CA,15,26.6,10.23,21.73,,0.0
CA,16,30.4,10.29,14.75,,0.0
CA,17,32.8,11.75,29.29,,0.0
CA,18,66.4,10.83,29.81,,0.0
CA,19,39.7,9.54,16.0,,0.0
CA,20,32.3,10.26,18.6,,0.0
CA,21,38.9,9.98,17.84,,0.0
CA,22,64.3,11.54,26.9,,0.0
CA,23,41.8,8.55,22.94,,0.0
CA,24,61.7,8.89,15.29,,0.0
CA,25,53.2,10.54,24.87,,0.0
CA,26,54.4,8.17,19.87,,0.0
CA,27,56.7,9.02,16.56,,0.0
CA,28,63.7,7.56,19.17,,0.0
CA,29,28.1,8.28,16.13,,0.0
CA,30,25.6,8.74,25.11,,0.0
CA,31,36.2,9.52,20.42,,0.0
CA,32,40.6,8.44,12.21,,0.0
CA,33,57.1,7.9,21.38,,0.0
CA,34,52.0,7.69,14.37,,0.0
CA,35,23.9,8.62,19.0,,0.0
CA,36,29.8,6.55,10.39,,0.0
CA,37,34.5,6.98,21.28,,0.0
CA,38,55.0,6.62,8.72,,0.0
CA,39,28.0,8.42,18.92,,0.0
CA,40,28.5,5.88,,,0.0
CA,41,24.4,8.36,,,0.0
CA,42,28.5,7.32,,,0.0
CA,43,56.5,10.08,,,0.0
CA,44,51.6,8.0,,,0.0
CA,45,52.9,8.8,19.17,,0.0
CA,46,43.7,7.96,13.61,,0.0
CA,47,45.4,7.71,22.23,,0.0
CA,48,34.2,9.98,24.12,,0.0
CA,49,67.4,9.48,27.31,,0.0
CA,50,31.9,8.13,17.19,,0.0
CA,51,46.0,9.02,14.6,,0.0
CA,52,45.0,7.59,20.64,,0.0
CO,1,60.2,,52.08,pharmacy,8.16
CO,2,52.6,,54.38,pharmacy,8.95
CO,3,72.7,,52.97,pharmacy,6.62
CO,4,51.8,17.88,49.8,pharmacy,8.37
CO,5,83.0,19.47,29.95,pharmacy,7.28
CO,6,61.2,,37.89,pharmacy,4.22
CO,7,66.0,19.27,38.54,pharmacy,8.93
CO,8,48.1,,42.05,pharmacy,7.39
CO,9,43.3,19.43,48.23,pharmacy,6.86
CO,10,60.6,17.61,38.53,pharmacy,4.12
CO,11,63.4,19.58,51.42,pharmacy,8.26
CO,12,62.5,19.21,42.65,pharmacy,8.42
CO,13,73.2,,41.7,pharmacy,3.98
CO,14,58.0,,57.46,pharmacy,9.32
CO,15,82.2,,38.97,pharmacy,6.09
CO,16,61.0,,51.16,pharmacy,3.94
CO,17,64.1,,59.37,pharmacy,4.48
CO,18,81.1,,55.33,pharmacy,9.44
CO,19,72.2,,40.83,pharmacy,9.41
CO,20,58.5,18.69,51.16,pharmacy,7.58
CO,21,84.6,17.97,51.08,pharmacy,5.55
CO,22,81.7,19.31,48.34,pharmacy,5.75
CO,23,58.1,18.71,28.21,pharmacy,8.05
CO,24,66.1,20.3,53.25,pharmacy,9.94
CO,25,74.7,17.53,29.97,pharmacy,5.05
CO,26,82.9,16.34,45.79,pharmacy,5.82
CO,27,49.9,16.41,47.82,pharmacy,4.14
CO,28,70.1,17.17,40.1,pharmacy,5.76
CO,29,67.2,15.73,26.84,pharmacy,6.73
CO,30,82.2,,41.37,pharmacy,7.1
CO,31,74.4,16.21,46.31,pharmacy,8.06
CO,32,67.8,,41.08,pharmacy,7.09
CO,33,71.3,16.66,28.22,pharmacy,6.75
CO,34,72.2,15.63,36.42,pharmacy,4.97
CO,35,54.8,16.23,29.28,pharmacy,4.88
CO,36,49.8,17.03,29.35,pharmacy,4.85
CO,37,45.8,15.01,47.11,pharmacy,3.83
CO,38,70.4,13.9,21.49,pharmacy,4.65
CO,39,67.3,14.14,,pharmacy,6.13
CO,40,46.2,,,pharmacy,5.86
CO,41,47.7,15.42,,pharmacy,7.41
CO,42,70.2,15.76,,pharmacy,5.6
CO,43,52.3,16.62,26.8,pharmacy,4.45
CO,44,49.3,17.21,35.75,pharmacy,7.17
CO,45,47.8,15.12,36.9,pharmacy,6.91
CO,46,53.3,16.32,27.22,pharmacy,4.97
CO,47,59.6,16.32,47.41,pharmacy,6.26
CO,48,61.8,17.1,41.98,pharmacy,4.66
CO,49,48.7,17.0,44.76,pharmacy,4.2
CO,50,62.7,,37.72,pharmacy,8.76
CO,51,45.5,17.71,48.38,pharmacy,8.13
CO,52,80.4,17.18,34.04,pharmacy,8.49
FL,1,56.2,2.83,4.17,mobile,0.78
FL,2,25.7,5.14,10.67,mobile,1.64
FL,3,44.1,5.37,16.55,mobile,2.12
FL,4,45.2,4.62,11.57,mobile,1.35
FL,5,49.2,5.14,7.65,mobile,2.45
FL,6,30.6,7.05,14.74,mobile,3.24
FL,7,33.1,6.65,16.43,mobile,3.14
FL,8,21.4,7.95,23.11,mobile,3.79
FL,9,44.5,6.38,14.06,mobile,1.89
FL,10,32.3,7.88,14.88,mobile,2.14
FL,11,44.8,7.39,10.18,mobile,2.09
FL,12,35.5,7.92,12.22,mobile,3.25
FL,13,54.5,6.46,11.33,mobile,1.92
FL,14,26.6,7.27,12.58,mobile,3.57
FL,15,15.1,4.77,15.45,mobile,2.17
FL,16,14.5,7.19,22.62,mobile,2.3
FL,17,57.5,8.56,19.3,mobile,4.18
FL,18,45.1,5.83,13.43,mobile,1.59
FL,19,43.5,5.2,11.67,mobile,2.56
FL,20,30.8,4.5,9.99,mobile,1.21
FL,21,45.8,6.41,15.29,mobile,1.87
FL,22,15.0,4.79,6.64,mobile,2.16
FL,23,20.8,5.04,12.87,mobile,1.87
FL,24,39.4,5.61,18.35,mobile,2.03
FL,25,26.0,3.6,6.36,mobile,1.41
FL,26,15.2,2.93,6.48,mobile,0.91
FL,27,56.2,3.23,8.67,mobile,1.55
FL,28,17.2,4.3,3.78,mobile,0.92
FL,29,36.9,4.33,10.34,mobile,1.84
FL,30,52.9,3.54,6.73,mobile,0.83
FL,31,58.1,1.4,1.75,mobile,0.69
FL,32,53.0,2.42,2.01,mobile,0.97
FL,33,28.2,2.82,7.93,mobile,1.03
FL,34,25.1,2.64,9.07,mobile,0.91
FL,35,22.7,2.28,,mobile,0.94
FL,36,37.1,1.69,,mobile,0.4
FL,37,13.7,1.87,,mobile,0.64
FL,38,46.1,2.35,5.7,mobile,0.55
FL,39,40.4,1.3,0.0,mobile,0.53
FL,40,37.2,2.5,7.57,mobile,0.52
FL,41,36.4,1.53,4.53,mobile,0.73
FL,42,57.9,2.19,11.33,mobile,0.9
FL,43,29.9,2.47,3.39,mobile,0.71
FL,44,30.8,2.68,9.03,mobile,0.94
FL,45,34.4,2.13,7.83,mobile,0.65
FL,46,20.2,3.62,7.6,mobile,1.28
FL,47,44.4,2.9,5.54,mobile,0.86
FL,48,17.3,1.46,2.6,mobile,0.52
FL,49,22.3,4.83,7.58,mobile,2.26
FL,50,45.2,5.03,6.01,mobile,1.14
FL,51,54.7,4.35,8.6,mobile,1.61
FL,52,13.9,4.1,6.54,mobile,0.93
KY,1,46.6,9.83,18.29,clinic,3.4
KY,2,47.4,11.73,28.19,clinic,3.33
KY,3,69.6,12.13,20.32,clinic,5.74
KY,4,63.1,12.21,23.3,clinic,3.27
KY,5,60.4,12.7,33.07,clinic,2.79
KY,6,66.9,10.11,25.75,clinic,2.28
KY,7,65.3,13.06,28.2,clinic,4.84
KY,8,50.9,12.12,32.84,clinic,5.09
KY,9,62.3,12.56,26.65,clinic,5.04
KY,10,40.8,13.39,32.18,clinic,2.9
KY,11,70.2,14.23,30.41,clinic,6.16
KY,12,32.1,13.12,32.65,clinic,4.91
KY,13,63.9,12.93,25.8,clinic,5.95
KY,14,69.7,12.6,25.23,clinic,4.73
KY,15,57.7,13.13,33.4,clinic,2.69
KY,16,64.8,12.17,33.01,clinic,3.68
KY,17,43.9,13.24,26.48,clinic,3.53
KY,18,47.0,13.8,40.74,clinic,3.15
KY,19,69.7,11.26,21.02,clinic,3.54
KY,20,55.8,12.74,26.16,clinic,4.45
KY,21,55.5,11.18,23.01,clinic,3.26
KY,22,27.3,11.48,21.97,clinic,3.54
KY,23,36.1,12.1,19.48,clinic,3.93
KY,24,37.2,10.57,24.09,clinic,2.43
KY,25,33.2,11.64,19.69,clinic,3.53
KY,26,48.9,10.23,22.28,clinic,2.97
KY,27,37.8,11.34,26.73,clinic,5.52
KY,28,26.3,8.84,19.25,clinic,4.33
KY,29,38.5,8.63,16.42,clinic,1.85
KY,30,35.0,8.89,13.38,clinic,4.02
KY,31,34.9,8.2,16.62,clinic,3.42
KY,32,42.0,7.82,,clinic,1.68
KY,33,39.2,8.84,,clinic,2.4
KY,34,54.7,7.1,,clinic,2.74
KY,35,60.2,8.15,,clinic,2.7
KY,36,27.5,7.37,,clinic,2.68
KY,37,39.2,7.95,17.25,clinic,3.47
KY,38,32.6,7.5,14.43,clinic,1.61
KY,39,39.7,8.22,14.78,clinic,2.09
KY,40,38.0,7.33,18.24,clinic,2.49
KY,41,68.8,6.6,12.93,clinic,2.66
KY,42,58.3,7.94,14.23,clinic,2.1
KY,43,61.7,8.28,20.04,clinic,2.29
KY,44,36.3,8.9,21.0,clinic,2.3
KY,45,33.0,8.04,22.66,clinic,1.69
KY,46,63.4,8.0,16.67,clinic,2.81
KY,47,59.6,9.19,19.25,clinic,2.74
KY,48,46.7,9.5,15.81,clinic,4.35
KY,49,39.3,8.74,25.26,clinic,3.36
KY,50,58.4,7.63,21.81,clinic,3.0
KY,51,55.1,8.0,12.65,clinic,3.32
KY,52,35.0,12.56,30.01,clinic,4.25
MA,1,66.5,,35.28,mobile,3.99
MA,2,43.3,17.15,46.29,mobile,6.66
MA,3,45.7,17.37,32.53,mobile,5.05
MA,4,53.7,19.05,39.31,mobile,5.21
MA,5,68.3,,48.91,mobile,4.73
MA,6,63.0,18.51,48.77,mobile,6.54
MA,7,49.0,,41.24,mobile,6.69
MA,8,49.9,17.63,34.71,mobile,4.31
MA,9,76.2,,54.25,mobile,9.73
MA,10,43.3,,32.5,mobile,7.17
MA,11,82.9,17.95,28.93,mobile,8.86
MA,12,79.8,20.51,61.15,mobile,8.87
MA,13,41.4,,34.91,mobile,5.99
MA,14,59.6,18.13,36.58,mobile,4.51
MA,15,43.5,18.37,55.23,mobile,5.81
MA,16,65.4,,35.7,mobile,8.0
MA,17,75.5,17.43,38.76,mobile,6.07
MA,18,48.8,,46.24,mobile,4.77
MA,19,46.3,,50.98,mobile,5.89
MA,20,45.9,19.33,48.95,mobile,4.04
MA,21,52.8,,49.83,mobile,6.98
MA,22,69.0,,34.48,mobile,7.56
MA,23,78.0,,30.71,mobile,6.13
MA,24,80.8,18.89,31.17,mobile,9.15
MA,25,60.0,18.49,48.17,mobile,6.4
MA,26,50.7,16.34,33.72,mobile,6.9
MA,27,81.8,18.07,40.44,mobile,8.94
MA,28,73.5,16.68,30.01,mobile,3.63
MA,29,81.6,17.09,27.59,mobile,4.92
MA,30,50.9,17.67,39.02,mobile,4.82
MA,31,47.0,,32.26,mobile,7.85
MA,32,43.1,,31.7,mobile,5.78
MA,33,41.4,17.3,22.76,mobile,6.7
MA,34,64.1,17.07,29.06,mobile,6.58
MA,35,71.0,16.21,32.33,mobile,7.61
MA,36,60.5,,49.03,mobile,4.22
MA,37,82.2,17.76,47.11,mobile,8.16
MA,38,48.2,16.65,45.79,mobile,3.89
MA,39,79.2,,38.85,mobile,6.95
MA,40,83.3,17.0,,mobile,6.91
MA,41,51.5,16.65,,mobile,6.11
MA,42,59.1,18.94,,mobile,3.91
MA,43,54.2,16.34,38.12,mobile,3.62
MA,44,56.9,16.46,49.37,mobile,4.82
MA,45,68.2,17.72,37.68,mobile,8.23
MA,46,54.1,16.76,30.9,mobile,7.2
MA,47,72.1,15.61,42.84,mobile,5.8
MA,48,71.4,17.46,53.94,mobile,8.42
MA,49,41.5,17.4,46.99,mobile,5.72
MA,50,53.6,18.09,35.0,mobile,4.15
MA,51,62.4,17.56,40.36,mobile,6.68
MA,52,58.5,15.94,43.87,mobile,5.92
MI,1,55.4,16.47,33.03,,0.0
MI,2,82.7,16.93,45.99,,0.0
MI,3,60.7,17.16,,,0.0
MI,4,44.5,17.54,,,0.0
MI,5,47.9,18.41,,,0.0
MI,6,41.8,,31.25,,0.0
MI,7,77.3,15.78,28.84,,0.0
MI,8,68.6,,34.03,,0.0
MI,9,71.8,,45.75,,0.0
MI,10,44.4,17.65,29.24,,0.0
MI,11,55.3,,48.09,,0.0
MI,12,71.7,20.21,57.0,,0.0
MI,13,57.8,18.45,27.95,,0.0
MI,14,43.8,,33.12,,0.0
MI,15,69.2,16.7,33.84,,0.0
MI,16,54.3,17.92,55.83,,0.0
MI,17,56.0,17.17,46.94,,0.0
MI,18,66.3,,34.1,,0.0
MI,19,38.9,18.82,51.84,,0.0
MI,20,37.8,,52.55,,0.0
MI,21,50.8,,32.81,,0.0
MI,22,58.3,16.47,40.37,,0.0
MI,23,49.4,16.36,29.81,,0.0
MI,24,56.7,15.09,,,0.0
MI,25,56.4,17.08,,,0.0
MI,26,43.2,15.4,,,0.0
MI,27,74.4,17.09,,,0.0
MI,28,81.2,16.33,23.31,,0.0
MI,29,38.0,17.49,26.69,,0.0
MI,30,54.0,16.01,23.62,,0.0
MI,31,58.0,15.19,35.93,,0.0
MI,32,71.7,13.98,35.87,,0.0
MI,33,59.4,15.91,48.86,,0.0
MI,34,48.5,14.88,33.28,,0.0
MI,35,51.7,14.94,41.55,,0.0
MI,36,49.7,14.27,26.32,,0.0
MI,37,50.8,16.37,41.85,,0.0
MI,38,39.5,14.38,32.06,,0.0
MI,39,49.4,15.42,30.54,,0.0
MI,40,74.0,14.8,43.81,,0.0
MI,41,42.2,14.97,28.04,,0.0
MI,42,71.2,15.62,29.05,,0.0
MI,43,41.5,14.39,27.79,,0.0
MI,44,62.6,15.34,30.01,,0.0
MI,45,60.3,14.93,29.69,,0.0
MI,46,58.2,14.08,26.61,,0.0
MI,47,43.9,16.18,35.0,,0.0
MI,48,68.3,16.07,40.97,,0.0
MI,49,80.8,17.09,49.77,,0.0
MI,50,56.5,16.89,30.48,,0.0
MI,51,61.8,13.61,32.16,,0.0
MI,52,53.5,15.95,45.55,,0.0
NC,1,53.3,8.96,22.96,,0.0
NC,2,27.4,8.13,9.18,,0.0
NC,3,22.7,5.22,14.62,,0.0
NC,4,26.6,8.22,20.06,,0.0
NC,5,40.8,8.97,18.36,,0.0
NC,6,52.1,9.4,25.57,,0.0
NC,7,54.1,8.51,21.97,,0.0
NC,8,26.2,8.16,14.7,,0.0
NC,9,64.3,7.92,19.41,,0.0
NC,10,44.1,9.28,23.2,,0.0
NC,11,24.0,7.88,18.33,,0.0
NC,12,47.1,7.35,16.91,,0.0
NC,13,29.4,8.22,20.91,,0.0
NC,14,44.2,8.36,17.22,,0.0
NC,15,36.6,8.07,16.23,,0.0
NC,16,27.1,7.85,19.65,,0.0
NC,17,59.7,6.75,15.85,,0.0
NC,18,20.8,9.71,18.73,,0.0
NC,19,57.2,8.65,23.3,,0.0
NC,20,59.9,9.4,18.5,,0.0
NC,21,60.9,7.91,19.97,,0.0
NC,22,36.7,7.5,22.32,,0.0
NC,23,48.0,6.58,13.55,,0.0
NC,24,64.4,8.7,20.12,,0.0
NC,25,57.9,7.18,16.01,,0.0
NC,26,45.4,8.71,20.95,,0.0
NC,27,23.6,7.48,21.5,,0.0
NC,28,30.3,7.28,,,0.0
NC,29,36.0,7.25,,,0.0
NC,30,25.8,6.33,,,0.0
NC,31,20.5,8.11,17.91,,0.0
NC,32,61.2,6.5,8.05,,0.0
NC,33,29.6,7.41,14.75,,0.0
NC,34,58.1,7.36,11.21,,0.0
NC,35,58.7,6.67,16.87,,0.0
NC,36,56.5,7.22,11.89,,0.0
NC,37,58.8,6.82,15.56,,0.0
NC,38,21.9,7.35,13.07,,0.0
NC,39,39.8,6.58,,,0.0
NC,40,53.7,7.15,,,0.0
NC,41,59.1,6.68,,,0.0
NC,42,43.3,5.61,,,0.0
NC,43,49.0,8.21,22.85,,0.0
NC,44,55.5,7.82,14.1,,0.0
NC,45,49.5,9.33,28.95,,0.0
NC,46,45.3,7.03,18.18,,0.0
NC,47,37.4,8.17,19.52,,0.0
NC,48,48.9,7.51,18.56,,0.0
NC,49,28.6,7.3,17.25,,0.0
NC,50,56.7,7.93,16.8,,0.0
NC,51,37.2,7.19,19.15,,0.0
NC,52,45.0,7.0,22.33,,0.0
NY,1,18.7,3.74,,clinic,1.61
NY,2,43.4,4.24,,clinic,1.8
NY,3,33.8,4.74,,clinic,0.97
NY,4,24.3,2.92,,clinic,0.97
NY,5,44.3,5.6,,clinic,1.72
NY,6,41.8,4.51,12.06,clinic,1.44
NY,7,31.2,6.28,15.22,clinic,2.11
NY,8,42.9,6.16,15.12,clinic,2.76
NY,9,52.2,5.72,10.2,clinic,1.42
NY,10,31.9,6.4,12.58,clinic,2.46
NY,11,39.8,6.19,14.35,clinic,3.03
NY,12,46.3,3.6,3.19,clinic,0.97
NY,13,46.2,5.18,16.82,clinic,2.01
NY,14,32.1,6.43,9.94,clinic,2.71
NY,15,32.2,2.81,2.97,clinic,0.78
NY,16,35.8,5.82,16.59,clinic,2.68
NY,17,35.4,5.35,12.73,clinic,1.42
NY,18,54.8,4.89,7.69,clinic,1.19
NY,19,40.1,4.33,10.44,clinic,1.36
NY,20,24.8,5.6,11.56,clinic,1.98
NY,21,24.8,4.2,10.64,clinic,1.86
NY,22,54.9,4.05,7.63,clinic,1.1
NY,23,19.8,3.74,3.51,clinic,1.66
NY,24,48.6,5.66,7.83,clinic,2.65
NY,25,41.9,5.35,11.15,clinic,1.85
NY,26,56.5,4.02,11.5,clinic,0.85
NY,27,16.8,3.9,9.89,clinic,0.87
NY,28,13.4,2.57,3.46,clinic,1.02
NY,29,27.1,4.06,11.41,clinic,1.12
NY,30,36.2,3.98,9.05,clinic,1.15
NY,31,48.0,1.78,3.55,clinic,0.85
NY,32,34.7,0.79,1.26,clinic,0.19
NY,33,33.0,1.54,6.55,clinic,0.39
NY,34,36.6,2.33,4.81,clinic,0.77
NY,35,30.0,1.64,2.28,clinic,0.62
NY,36,26.8,0.86,2.06,clinic,0.28
NY,37,26.5,1.48,4.4,clinic,0.63
NY,38,21.5,0.0,0.63,clinic,0.0
NY,39,43.2,0.72,3.28,clinic,0.17
NY,40,31.2,1.69,4.67,clinic,0.83
NY,41,16.1,2.51,6.51,clinic,1.04
NY,42,37.0,1.16,3.93,clinic,0.38
NY,43,53.2,1.54,0.78,clinic,0.33
NY,44,15.5,2.22,4.26,clinic,0.87
NY,45,29.4,2.05,2.32,clinic,0.59
NY,46,44.7,2.37,5.43,clinic,0.49
NY,47,35.6,2.26,8.33,clinic,0.46
NY,48,21.4,3.7,8.31,clinic,1.57
NY,49,17.1,4.24,8.32,clinic,1.61
NY,50,41.3,3.86,8.19,clinic,1.67
NY,51,31.9,3.85,5.6,clinic,1.88
NY,52,50.1,2.15,5.53,clinic,0.67
OH,1,56.2,,13.72,,0.0
OH,2,50.9,5.0,15.38,,0.0
OH,3,37.2,6.1,,,0.0
OH,4,18.9,,,,0.0
OH,5,52.9,6.67,,,0.0
OH,6,53.2,6.09,9.0,,0.0
OH,7,32.9,7.17,19.67,,0.0
OH,8,36.5,8.35,,,0.0
OH,9,30.6,,,,0.0
OH,10,29.7,,15.79,,0.0
OH,11,27.6,6.88,14.65,,0.0
OH,12,26.9,6.22,16.62,,0.0
OH,13,44.5,5.87,15.84,,0.0
OH,14,35.1,5.08,11.17,,0.0
OH,15,49.6,8.14,20.82,,0.0
OH,16,37.9,,13.86,,0.0
OH,17,21.2,,16.16,,0.0
OH,18,45.3,6.96,14.43,,0.0
OH,19,47.9,7.17,18.67,,0.0
OH,20,25.9,5.28,11.13,,0.0
OH,21,18.4,6.15,20.55,,0.0
OH,22,20.7,,17.08,,0.0
OH,23,54.7,5.21,14.66,,0.0
OH,24,21.9,6.47,17.98,,0.0
OH,25,47.0,,15.14,,0.0
OH,26,57.4,5.88,8.67,,0.0
OH,27,49.6,7.83,14.06,,0.0
OH,28,47.5,5.75,16.72,,0.0
OH,29,25.1,,16.72,,0.0
OH,30,38.6,,11.6,,0.0
OH,31,61.2,4.26,8.62,,0.0
OH,32,54.4,6.03,13.31,,0.0
OH,33,38.4,,21.59,,0.0
OH,34,49.2,4.67,9.98,,0.0
OH,35,43.4,,13.16,,0.0
OH,36,34.4,5.55,13.28,,0.0
OH,37,59.1,2.66,9.1,,0.0
OH,38,18.3,,10.53,,0.0
OH,39,43.7,,12.97,,0.0
OH,40,50.7,5.43,14.94,,0.0
OH,41,46.4,,17.05,,0.0
OH,42,17.5,4.56,6.71,,0.0
OH,43,32.2,5.06,7.95,,0.0
OH,44,50.5,4.33,9.6,,0.0
OH,45,25.1,7.85,19.6,,0.0
OH,46,37.6,5.28,11.67,,0.0
OH,47,31.4,4.42,9.5,,0.0
OH,48,49.7,,7.17,,0.0
OH,49,37.0,,12.49,,0.0
OH,50,35.4,4.77,8.29,,0.0
OH,51,48.1,6.34,6.92,,0.0
OH,52,26.1,5.92,10.57,,0.0
PA,1,79.0,16.69,50.72,clinic,5.13
PA,2,74.5,16.48,26.47,clinic,3.65
PA,3,51.4,17.4,33.72,clinic,5.75
PA,4,73.4,17.29,33.76,clinic,8.31
PA,5,50.6,,37.43,clinic,4.71
PA,6,67.0,16.66,47.35,clinic,6.23
PA,7,56.8,16.77,43.05,clinic,6.87
PA,8,45.9,,47.39,clinic,7.13
PA,9,57.1,17.24,36.52,clinic,4.4
PA,10,51.9,18.14,33.15,clinic,7.17
PA,11,60.0,,38.2,clinic,7.09
PA,12,76.6,17.73,50.47,clinic,4.07
PA,13,73.2,,25.05,clinic,5.08
PA,14,49.3,,47.08,clinic,4.3
PA,15,39.9,,48.69,clinic,8.58
PA,16,80.1,15.76,38.47,clinic,6.88
PA,17,40.9,18.29,26.11,clinic,7.5
PA,18,60.9,16.77,34.53,clinic,4.55
PA,19,73.9,16.95,47.58,clinic,4.88
PA,20,81.8,17.94,41.7,clinic,8.09
PA,21,45.4,,34.93,clinic,8.11
PA,22,73.3,15.75,24.79,clinic,7.73
PA,23,51.1,17.97,42.9,clinic,6.22
PA,24,77.2,16.55,44.05,clinic,6.35
PA,25,81.2,16.43,32.27,clinic,4.57
PA,26,51.7,17.36,,clinic,3.54
PA,27,72.6,16.12,,clinic,4.76
PA,28,76.1,16.35,,clinic,6.91
PA,29,76.3,17.24,43.28,clinic,5.47
PA,30,55.7,15.78,42.78,clinic,7.35
PA,31,61.7,16.27,49.93,clinic,5.5
PA,32,45.3,15.28,40.38,clinic,7.16
PA,33,64.2,16.98,26.82,clinic,8.26
PA,34,55.3,15.12,37.8,clinic,6.93
PA,35,68.6,15.38,39.42,clinic,3.12
PA,36,78.7,14.37,,clinic,3.09
PA,37,53.2,17.09,,clinic,7.13
PA,38,41.9,16.67,,clinic,6.03
PA,39,82.9,15.97,,clinic,5.22
PA,40,58.3,16.31,,clinic,4.69
PA,41,80.5,15.12,34.45,clinic,4.39
PA,42,53.9,,41.45,clinic,7.15
PA,43,45.4,14.82,26.79,clinic,7.23
PA,44,64.8,15.29,36.07,clinic,4.23
PA,45,55.7,16.32,49.3,clinic,6.66
PA,46,51.6,14.94,40.49,clinic,4.77
PA,47,43.0,18.18,31.13,clinic,9.02
PA,48,57.1,15.24,30.38,clinic,4.73
PA,49,40.2,,46.74,clinic,7.43
PA,50,64.5,14.8,39.03,clinic,3.89
PA,51,63.8,15.73,28.36,clinic,4.35
PA,52,75.5,18.56,45.89,clinic,7.36
TX,1,53.4,10.02,16.24,clinic,3.55
TX,2,55.1,11.6,28.15,clinic,3.1
TX,3,36.8,10.74,26.16,clinic,2.9
TX,4,29.2,11.54,16.12,clinic,4.89
TX,5,29.5,11.91,31.81,clinic,3.03
TX,6,64.5,11.99,17.5,clinic,3.36
TX,7,29.5,12.26,29.15,clinic,4.85
TX,8,50.7,11.33,33.74,clinic,4.75
TX,9,67.7,13.42,25.85,clinic,5.98
TX,10,67.9,13.37,28.57,clinic,3.65
TX,11,41.2,12.66,23.58,clinic,5.41
TX,12,64.5,12.54,,clinic,5.8
TX,13,38.8,14.32,,clinic,4.8
TX,14,59.7,13.98,,clinic,6.14
TX,15,43.8,12.78,,clinic,5.18
TX,16,45.1,13.95,,clinic,4.39
TX,17,33.9,13.27,24.29,clinic,6.16
TX,18,27.9,13.81,38.49,clinic,2.93
TX,19,62.1,13.05,27.39,clinic,3.53
TX,20,41.2,12.87,32.12,clinic,5.37
TX,21,34.3,13.86,29.96,clinic,6.66
TX,22,64.8,12.89,38.6,clinic,5.51
TX,23,39.4,10.88,15.94,clinic,4.94
TX,24,28.6,12.99,26.13,clinic,3.2
TX,25,67.7,12.85,34.78,clinic,6.32
TX,26,43.4,11.09,14.85,clinic,3.56
TX,27,31.2,11.0,30.31,clinic,4.48
TX,28,40.7,11.27,20.26,clinic,4.77
TX,29,55.3,10.42,28.53,clinic,2.39
TX,30,31.8,10.75,30.24,clinic,3.26
TX,31,36.0,12.39,29.39,clinic,2.7
TX,32,29.4,10.49,16.35,clinic,4.51
TX,33,45.1,10.65,20.0,clinic,3.09
TX,34,67.2,10.3,26.99,clinic,2.57
TX,35,40.6,9.66,21.6,clinic,4.62
TX,36,63.1,9.85,18.93,clinic,2.69
TX,37,52.8,10.24,16.64,clinic,2.66
TX,38,62.6,9.71,20.18,clinic,3.58
TX,39,28.4,7.94,18.06,clinic,3.87
TX,40,50.7,9.04,15.52,clinic,2.45
TX,41,71.1,9.83,,clinic,3.45
TX,42,42.3,10.04,,clinic,2.6
TX,43,65.5,9.65,,clinic,3.7
TX,44,31.9,10.59,,clinic,4.7
TX,45,67.3,9.25,14.89,clinic,2.93
TX,46,40.3,10.16,21.68,clinic,2.73
TX,47,59.4,11.34,22.13,clinic,3.35
TX,48,60.0,10.11,27.57,clinic,2.34
TX,49,50.1,10.82,16.68,clinic,5.11
TX,50,50.6,12.43,22.87,clinic,5.31
TX,51,69.9,10.88,27.99,clinic,3.13
TX,52,50.9,10.79,22.76,clinic,2.19
WA,1,62.0,14.08,39.65,clinic,5.31
WA,2,44.1,15.83,26.22,clinic,6.18
WA,3,58.1,15.37,37.86,clinic,4.07
WA,4,75.0,13.4,34.58,clinic,3.37
WA,5,76.2,,29.78,clinic,3.99
WA,6,55.5,16.29,25.75,clinic,6.5
WA,7,69.2,13.84,31.7,clinic,5.92
WA,8,61.5,16.65,46.73,clinic,4.93
WA,9,61.3,15.18,24.33,clinic,3.12
WA,10,60.0,15.52,36.55,clinic,5.15
WA,11,65.6,14.57,26.11,clinic,6.67
WA,12,78.7,,48.54,clinic,5.22
WA,13,68.8,15.8,41.61,clinic,7.04
WA,14,71.3,16.36,38.13,clinic,3.9
WA,15,35.3,14.58,38.09,clinic,6.77
WA,16,76.3,16.33,43.44,clinic,5.66
WA,17,36.4,16.05,47.66,clinic,5.04
WA,18,62.2,15.39,36.42,clinic,3.76
WA,19,41.0,16.05,,clinic,6.28
WA,20,40.4,15.08,,clinic,4.91
WA,21,75.4,14.99,35.97,clinic,5.8
WA,22,61.1,15.5,29.14,clinic,6.82
WA,23,43.1,15.41,32.49,clinic,5.21
WA,24,68.6,14.49,45.28,clinic,3.52
WA,25,78.7,14.55,35.48,clinic,5.21
WA,26,64.0,14.21,22.02,clinic,3.31
WA,27,65.9,14.83,41.08,clinic,5.31
WA,28,38.2,15.17,39.12,clinic,4.37
WA,29,39.4,13.25,32.97,clinic,6.12
WA,30,77.8,13.78,31.2,clinic,4.31
WA,31,41.0,14.31,29.49,clinic,6.92
WA,32,45.5,14.77,35.35,clinic,6.19
WA,33,47.7,13.56,36.69,clinic,2.73
WA,34,36.1,14.25,35.38,clinic,6.54
WA,35,64.8,14.16,23.54,clinic,6.9
WA,36,69.3,12.65,22.12,clinic,6.28
WA,37,40.8,15.79,43.65,clinic,5.55
WA,38,76.3,12.1,27.89,clinic,5.15
WA,39,35.9,14.88,25.8,clinic,6.76
WA,40,48.0,12.87,33.01,clinic,3.81
WA,41,63.2,14.57,23.46,clinic,3.06
WA,42,59.4,13.35,34.83,clinic,5.21
WA,43,62.8,13.32,30.56,clinic,4.52
WA,44,47.7,13.97,21.96,clinic,4.41
WA,45,65.0,13.35,36.47,clinic,2.94
WA,46,42.5,13.73,27.38,clinic,4.59
WA,47,35.8,14.01,30.1,clinic,5.37
WA,48,72.5,13.36,29.02,clinic,6.22
WA,49,56.2,13.78,24.02,clinic,2.89
WA,50,65.0,14.65,29.73,clinic,4.29
WA,51,35.8,15.72,37.62,clinic,6.39
WA,52,79.4,14.24,18.51,clinic,3.03
WV,1,51.7,,,pharmacy,2.67
WV,2,39.3,,,pharmacy,1.6
WV,3,45.8,9.66,,pharmacy,4.7
WV,4,50.2,,17.19,pharmacy,4.29
WV,5,53.4,11.27,19.57,pharmacy,5.5
WV,6,56.3,8.73,22.46,pharmacy,3.85
WV,7,44.2,9.59,25.74,pharmacy,3.79
WV,8,24.2,,,pharmacy,3.6
WV,9,44.4,,,pharmacy,2.75
WV,10,32.9,10.37,24.73,pharmacy,4.97
WV,11,23.7,9.53,25.68,pharmacy,2.13
WV,12,38.1,,25.06,pharmacy,5.69
WV,13,57.5,9.55,24.65,pharmacy,2.51
WV,14,40.3,,22.12,pharmacy,3.99
WV,15,55.5,11.32,28.99,pharmacy,4.7
WV,16,51.3,10.32,19.34,pharmacy,2.64
WV,17,41.8,11.01,18.45,pharmacy,2.9
WV,18,53.9,11.37,16.92,pharmacy,4.66
WV,19,24.9,8.88,17.3,pharmacy,3.83
WV,20,21.8,8.27,15.51,pharmacy,1.71
WV,21,46.4,9.85,23.18,pharmacy,3.6
WV,22,64.0,,19.25,pharmacy,3.17
WV,23,57.6,11.68,26.53,pharmacy,2.85
WV,24,52.7,8.82,26.27,pharmacy,1.88
WV,25,62.0,,10.95,pharmacy,1.99
WV,26,55.8,7.75,12.7,pharmacy,3.77
WV,27,29.1,,10.51,pharmacy,1.41
WV,28,58.8,7.82,26.76,pharmacy,3.59
WV,29,35.6,6.45,17.39,pharmacy,3.2
WV,30,60.8,8.03,16.84,pharmacy,3.38
WV,31,45.4,4.26,14.49,pharmacy,1.7
WV,32,59.8,,17.29,pharmacy,1.87
WV,33,21.8,4.37,11.04,pharmacy,1.32
WV,34,55.9,5.38,7.6,pharmacy,2.29
WV,35,41.0,4.03,13.15,pharmacy,0.93
WV,36,63.5,,15.61,pharmacy,1.21
WV,37,29.4,3.98,11.05,pharmacy,1.46
WV,38,43.5,3.94,7.43,pharmacy,0.96
WV,39,28.9,,9.31,pharmacy,2.15
WV,40,26.6,3.87,10.62,pharmacy,1.66
WV,41,42.3,4.3,12.44,pharmacy,2.06
WV,42,35.6,,8.56,pharmacy,2.41
WV,43,34.1,3.58,10.03,pharmacy,0.98
WV,44,46.2,5.29,12.16,pharmacy,2.36
WV,45,41.4,,9.81,pharmacy,2.62
WV,46,35.2,,9.41,pharmacy,0.95
WV,47,56.2,,13.44,pharmacy,2.1
WV,48,53.4,,12.26,pharmacy,3.76
WV,49,55.9,,12.43,pharmacy,3.31
WV,50,37.4,7.16,16.21,pharmacy,2.47
WV,51,38.7,,17.6,pharmacy,3.01
WV,52,56.9,,16.59,pharmacy,1.89
