age,income,education_level,risk_score,facility_area,facility_quality,target
36.09369487203076,58670.79082120249,college,-0.6816145525304338,200,high,1867.377440637209
,53543.12499807063,college,2.031400164778503,0,,1709.0399843467737
45.41534249022307,71948.16045779995,graduate,,100,high,2251.0697531270953
,56462.48634278728,college,1.0280535653991831,0,,1782.1822712157934
43.725816832529084,55399.54068261094,high_school,-0.05330286899115438,200,medium,1758.9004508564637
47.67746422087399,61570.35044832189,graduate,-0.03074383226052982,0,,1913.5785754252192
52.40177039627736,85448.80024456276,college,-0.5840293332220078,200,low,2606.2492777784373
33.00345325596742,39894.65687968194,college,0.11912392936627762,300,high,1272.1262804621829
32.50094840854474,71547.85339583032,high_school,,0,,2238.2011097286622
58.25615058483036,31602.432581428424,college,-0.7842585089151799,100,medium,1001.8810988201564
40.05195753354323,,high_school,-0.1250444158598842,200,high,1983.6696378324827
27.99789488883751,83626.24241413096,graduate,,100,medium,2586.370008074141
,67330.0278670096,college,2.2996640696148387,0,,2137.1300613936232
50.56043767239224,62559.37617809689,graduate,-0.08973076991161853,0,,1973.364866415566
26.631416912919523,51593.25796795387,college,1.5452321516965593,100,medium,1679.7798218597925
47.75378058556328,60465.708007328314,high_school,-0.19562233080768832,200,low,1907.460375803131
53.826997109140486,56219.05776894966,college,0.25928764153490796,100,low,1753.282088170368
49.492637420475155,48210.35088102967,high_school,-1.3213640716452693,0,,1449.8777910242745
52.58377780513674,55651.86576787695,graduate,-0.44707259186786463,100,medium,1739.1713863240427
28.14877082291101,62975.717409396595,college,0.21053467078924676,100,low,2007.432230759805
48.97248185995435,48491.74397204039,college,1.5860038309598667,0,,1581.0650358923517
41.36856288635464,47905.77268972974,high_school,0.22198277767627117,200,medium,1519.154986595546
39.20651809530426,39596.34843611738,graduate,1.3837203611929991,0,,1302.3918645185106
55.44666731303672,65860.87539133344,graduate,0.6407291102029202,100,medium,2112.480130723189
62.75129412809076,68179.84892950591,college,1.6274013394646858,300,high,2142.249809107377
,,high_school,-0.059042217305055426,100,medium,1954.7018279071142
60.77769445807086,74477.55739092999,college,2.390222710651804,200,medium,2387.0452397400986
,61318.01455621091,high_school,-0.485396202914123,0,,1866.0165418909487
49.232641956316115,,high_school,-0.766461834197669,0,,2054.286559118129
54.201874461410924,64557.56138456344,college,-1.2100528496890341,0,,1985.808181099874
46.454135391593546,58626.89970872688,college,2.3310246715580702,200,medium,1923.495285148974
46.569170254938534,,graduate,0.8194475726178976,200,medium,1683.5913596317193
54.88503758251419,93212.28923687867,high_school,-0.33412073338030845,0,,2855.680065964566
44.28860824768881,53220.735302197376,high_school,1.249022696873495,0,,1690.6854616451728
,50011.83433319345,college,0.687692185117782,0,,1600.0600083430795
40.026323209969696,66510.1473517516,high_school,1.9661274713755903,100,medium,2114.770356853778
52.60692453280491,63777.81622942508,high_school,-1.5478328327399113,200,high,1950.31914583568
45.03591949439947,38928.12678584509,college,-0.26536010831425455,200,high,1253.5006371896873
49.08251972242005,,high_school,-0.46252138394282544,300,high,2396.3244857981517
53.040950906426275,58587.0813697375,college,-1.9736826764086015,0,,1779.3168381577111
40.50190244522869,43336.033571764194,college,1.060327204779694,200,medium,1430.1313792056062
54.07497796355767,77831.76171530811,graduate,-0.2703965558033584,100,medium,2403.860571058761
49.54611124150073,69385.13357394231,college,0.7396312049865622,0,,2169.4043449869523
,,high_school,2.3597719343296117,300,medium,1396.131577991132
62.30765749423493,86657.74260386586,graduate,-0.3532436918276083,0,,2660.2516811596915
38.99106307491701,69881.96052549289,graduate,-0.4211529826571552,200,low,2179.712410524167
25.138855881777793,59847.058265624306,high_school,0.11866416972399602,200,high,1865.1784013328515
32.45947548496437,83853.2820843267,high_school,,300,high,2611.3535917272948
,62389.46675744461,college,-0.5667130253101499,100,low,1951.0170689484692
,,high_school,-0.6309615971321306,0,,1863.3545298853983
,50095.49825967017,high_school,1.0571892702413659,200,medium,1594.0106055512897
40.958016388312885,,high_school,0.37863932383803556,200,high,2166.125155419298
52.43642358578975,67149.0445098597,college,-2.0447282630048207,100,high,2016.2565621520453
49.07850433431245,60220.20209834567,college,-1.2253917994691081,200,medium,1845.6351603231467
48.79257444773143,48150.20469198596,college,1.5012358638272103,0,,1593.485817766342
49.91794148794431,61948.94781249111,college,0.4019282830788125,100,high,1961.7170568035845
52.39361601602686,,college,-0.762195931037249,300,high,1835.4453002283508
19.704559898670684,39997.88521898699,college,-0.17040965723498214,0,,1323.1477940723641
40.62674097282647,37922.814730137216,high_school,0.013236672801670204,100,high,1203.6905847807573
18.837479226126312,68477.30068214654,high_school,0.7357333602801638,300,medium,2147.254782159887
45.43271912157355,20971.675274224664,college,-1.3582633948587894,200,low,651.2435514156176
44.94440433330786,63081.1579044189,college,-0.8409491386704581,300,high,1939.6440397376668
57.546387297476166,52828.75413369263,college,0.27295575486338886,100,high,1617.1870907221046
59.25161271265345,79623.69910319865,college,,300,medium,2451.941564590833
47.433300579028405,52597.97686269187,college,0.5718591826367099,0,,1660.4870164324448
38.9956670712372,69892.26321377844,college,-1.2295073973595978,100,medium,2156.0600363049025
50.82193335054885,54046.29238143312,college,0.3571286762713211,100,low,1713.7400526360595
38.66498835210824,,high_school,1.0915836193774722,200,high,1952.587750918648
44.983288182679814,71052.54796380077,high_school,0.4868185471492834,300,low,2235.48856814442
56.83363580352921,53061.6642551313,college,0.13911173976159188,200,medium,1682.0717231414974
38.306743848126914,74948.32326747607,high_school,-0.09588360256597088,200,low,2311.0489022274114
54.66814367091001,45094.53184340275,college,-0.8348511527715018,100,high,1390.595863775834
53.12881642430763,64418.892638375684,graduate,-0.07199859243978847,100,high,1969.3351494239635
33.542498194430145,73839.59584181779,high_school,,100,medium,2314.394602256345
56.68672953860881,,high_school,-0.11902850660012523,0,,2150.2532601298713
53.38279614445806,88746.67315103115,high_school,-0.8898039893484101,100,high,2710.4980003103738
46.22311064847189,48548.41024034009,high_school,-0.4922470887653863,300,high,1499.6656856358088
35.85211850366817,39312.76122977118,college,0.20085029727593015,200,high,1257.213246818597
34.68952777709316,45084.97337257321,college,-0.37351399718084694,200,low,1399.4924037415722
38.54804907716373,69906.63849822656,college,0.4853032830631407,100,medium,2195.9065068707346
51.51113355950352,67468.84401404067,college,0.5228437607490304,100,high,2122.5093583556377
,61533.84989471124,college,0.8889831804046482,0,,1963.9660502262814
50.25014698343844,43155.64426339305,graduate,1.4235594722650329,100,high,1422.4982612161282
30.09893365345929,71503.00939993591,high_school,,100,low,2229.0951169724904
42.551176986733815,41629.42833524189,high_school,-0.9342390641479599,0,,1287.181016361594
46.315773054888105,77384.2437356535,high_school,-0.9035344465762722,0,,2363.1172586985026
74.341561740707,102861.57634709797,college,-0.07577147645982442,200,high,3138.337458990378
28.47221213375559,,college,-0.4511753572394145,100,high,2038.6312735329343
62.6641747978816,68746.62203486614,high_school,-1.1383267269609427,100,low,2125.4275992856356
46.79810896784736,52607.10346656661,college,-0.44169179417299426,0,,1657.8052199415768
49.93406301619156,32846.80018369776,high_school,-0.474512933619039,100,high,1026.451230397292
46.42017496065846,50959.209554546665,college,-0.6718477397612058,100,low,1598.9788244691672
50.336721818342795,43606.571383518756,college,-0.3157894861550056,100,high,1386.3611433650558
43.15577874765579,,high_school,1.178450850318331,100,low,1246.5022272899334
,85835.39912993474,high_school,,0,,2666.7921324994836
39.522346269303334,64092.9377703866,college,2.4718090760554694,300,medium,2073.9736995397047
58.586814866150974,,high_school,0.17050818601964934,0,,2018.482179623518
37.26759455744372,,high_school,-0.29006577393725175,100,high,1742.7082196575911
44.276977843184554,57406.933763348454,high_school,0.004132882654866092,0,,1804.5327469307977
32.13644937251737,74468.26023359,graduate,,100,low,2331.120789091031
50.46028464417024,59514.94321957177,graduate,0.43525395717106363,0,,1882.5267112805336
62.3415114831184,67960.409070371,college,2.0767113258590237,300,medium,2155.561146567572
44.07172584214975,57059.935532324766,high_school,-0.8453204649775686,100,high,1776.6051991752834
42.637371615553086,54867.70663901929,graduate,0.8590460581777356,200,high,1759.6148824179556
31.624596443184878,38896.28751597207,college,0.20775059761412384,0,,1260.6378220649578
42.2484881573723,30333.76406449308,college,-1.5710977425706176,0,,948.8985840675651
25.886468883341667,56076.57148400397,college,0.7706987820947633,100,low,1769.3831612527647
34.04546415937407,60847.45037989849,high_school,1.2676235608039048,100,low,1928.5438257037436
47.721432553309626,40708.04944936814,high_school,-0.8571764037774298,100,low,1227.466585898742
60.82815837289675,59482.877024480505,graduate,-0.008933867891970693,300,high,1875.099060681016
78.71053033475404,60806.28844485753,college,-1.7253542620077036,200,low,1808.8285598431823
37.96097897914919,27659.879909109313,high_school,-1.2588064596843365,300,medium,875.7031081910878
62.22360187974528,46273.13010780748,high_school,1.0480295776172526,0,,1495.9427541216605
47.925029764819776,66108.95840603203,college,-0.4664165060074345,200,high,2057.360798896179
43.18502823904349,65805.88094093616,high_school,-1.1088029749380393,100,high,1995.2394865837007
50.191133420713825,42694.87625400359,graduate,0.22946036445842968,200,low,1371.3312994806897
45.74299780415951,62376.72075749603,college,-0.5224124314310232,300,medium,1966.1633592956252
46.32474870734662,75336.10838040708,college,,200,medium,2357.082520924959
40.10000204607997,,college,,300,high,2271.55907317365
28.222684082413792,58570.71319479098,college,-1.1617333589343466,200,medium,1814.9079158108689
26.47649756973502,52980.35530013561,college,-0.9053652126818322,0,,1628.9093260618383
52.83893859937472,50559.83273498243,college,0.15407999214886864,200,low,1609.3703450220728
41.679598918971436,67017.29674364485,high_school,0.9694097907482053,100,low,2115.600971997369
37.846933204126,62926.55959714332,college,1.2381603014898497,300,medium,2017.228695862389
45.10206752067784,69441.060091533,high_school,-0.665061720361623,200,low,2128.0720482777597
54.53918703498753,,college,0.9373769669196479,0,,1956.7362691378153
47.16436731631678,72281.45925521162,high_school,-0.7841422934704089,0,,2224.6202723956067
37.12734076030839,61418.887994365505,high_school,1.8262093469068,0,,1983.714811687892
59.7155154677874,71770.3307419753,high_school,-1.1337710254197284,100,medium,2199.113488051978
,73062.34155549959,college,1.328478810791731,0,,2288.1655982803513
50.93467986387424,,high_school,-0.6564861068187239,200,medium,1465.9354042201312
56.68396213612908,32877.83929693881,graduate,2.0132464547946003,100,medium,1160.8862922819335
59.90351996176573,83152.3928402183,college,,200,low,2632.1447304717076
58.56119179685416,63849.88096068393,high_school,-1.016016529408222,0,,1964.6837512638917
52.36919012535148,34282.71156755818,college,-0.5222384795425068,100,high,1060.1497556831923
52.1801645648986,,high_school,0.7811812052237417,0,,1560.6626777889855
51.23592688015803,71578.11438554742,graduate,1.0526444176155614,300,medium,2273.4871520358297
,55804.84753300661,college,-0.07071559172446261,0,,1782.9302965193724
53.40867788231503,52319.07871021309,college,0.044658280963466405,0,,1619.9499581033017
,81013.2279046945,high_school,0.7583530326440655,0,,2536.295655529939
35.46480653849934,44290.69280424284,college,0.13179842701081995,200,high,1418.8609749572395
60.64278081369705,48027.69963367749,college,-1.2935048593383758,0,,1488.9960218490426
55.08264195233037,63170.79712572401,graduate,-0.8129740246401806,200,medium,1946.321350168342
62.84877947623035,65856.82398080823,college,0.23511994315166507,200,low,2020.057634154243
41.739907395752496,67445.14551511097,college,1.2154824164976936,200,low,2151.3728354394416
,73668.5706685342,high_school,,0,,2365.446005131973
,62978.67931022275,high_school,0.7795294207714503,0,,1990.0370558773448
,67340.75908407614,college,0.28729076103636375,100,high,2113.8341093960603
,56111.86111027375,college,0.748813885982477,0,,1773.356493001105
58.60416574508042,60940.474548550716,high_school,-0.6667508502068556,200,medium,1861.9941721832574
40.66475489995865,61613.01270080452,graduate,-0.15323096025821417,100,medium,1953.989588377354
49.22441366163509,63226.472037285545,graduate,-0.8241307213394766,100,low,1965.2079496038539
33.136474206784726,71588.09711374142,high_school,-1.2487426107077115,0,,2203.4197699756564
,68327.18522917246,college,0.33354901163620493,100,low,2164.66242651589
45.03730260222764,,high_school,0.1855133065847436,0,,1881.8475525151393
36.00223994058579,47863.110225884404,college,0.6876524845090128,200,low,1527.4812359783211
42.17004765390177,61015.068870940646,high_school,0.5461118308924472,0,,1928.9090642047356
42.78989104181734,59579.73322656384,college,0.24264427132386202,300,high,1861.9901146604975
,62897.72369719797,college,0.5566166656775543,200,high,1998.4138723677372
66.2560949072122,93097.87960710604,college,,0,,2854.7798634546707
43.81864797230544,,high_school,0.4128913952224006,0,,1634.9290113770196
42.07324667787195,66334.33528688039,graduate,-0.7261444026863596,0,,2058.5245366906383
19.8305885086783,76026.93100866447,high_school,,0,,2385.3905891909044
,61470.02871149074,high_school,0.6684176852860094,0,,1965.7122772731057
41.84311890652376,95067.67678758247,college,,300,high,2918.8811193949946
36.769767885880285,,high_school,0.05183209899284673,200,high,1722.2753255748776
61.580491120533566,64861.338334800705,graduate,-0.6236025096293596,0,,2012.747662875018
43.02074669524538,48017.91382660527,graduate,-0.5265066965161149,100,low,1509.4673901292133
60.461330991819025,,high_school,-1.1249293551021546,0,,1663.5109407343184
45.740455608604414,63734.00865594987,graduate,1.2657749251665555,300,high,2042.900046662378
45.44673403705892,72694.56093461595,high_school,1.0656851747200478,0,,2283.421520943877
43.93444262744999,64786.422510353616,college,0.5374338542273371,200,high,2071.5449220325236
45.04555501945751,78886.72274002104,high_school,,200,high,2530.088429144681
65.62554003659831,,graduate,-0.18924569656839169,0,,1841.4322519649786
18.0,,high_school,3.0317624151106344,0,,1840.046372811626
20.981451066735854,,high_school,-0.22752941536322038,100,high,3097.717509261836
38.48195002732663,65913.56474163046,college,0.25519335175601643,300,high,2040.5992931609878
45.174334583250825,49207.77681032178,graduate,-0.39777791394020817,100,low,1547.3893551333824
53.28125309716815,49586.04356627897,graduate,0.372325560060305,200,low,1584.1384479096992
50.6770463763297,45859.80128202989,college,0.8356149278862445,200,medium,1480.1130925982125
40.389049045433154,74048.54033785182,graduate,-0.11391639305308393,200,low,2317.234921161562
57.22852431890115,54534.34060660137,graduate,1.7767198471176207,100,low,1789.1441554096727
57.36234483783277,61910.437134847285,college,0.23914928463346072,100,high,1921.9633387316485
47.20869397525879,59047.36988342597,high_school,0.2704853861101991,200,medium,1842.269798954275
56.5518908698421,70972.38611911402,college,,0,,2202.6428408979505
48.27174316118555,47298.8386067397,college,0.4184990745503845,300,low,1522.8038906419727
,,high_school,-0.1340272208093656,0,,1385.0251339293925
53.37380206800005,63364.45960772391,high_school,-0.6082397293372869,0,,1953.8554719385538
46.32735747094413,69014.38927049846,college,-0.7764744081483639,200,medium,2121.9194882015327
45.01607816105384,64987.98469646461,high_school,2.671763379756685,0,,2107.9158856517397
62.67544286627489,47858.19406354008,graduate,-0.2634772501790354,0,,1515.9574448124663
18.0,70162.27263137091,high_school,,0,,2202.858471239686
27.987789958085163,,high_school,-0.6982214597325725,100,medium,1534.117175259198
30.755154883507558,52176.92032820425,graduate,-0.051567839476213594,200,medium,1671.6349602285923
40.640872229174335,45840.69712916997,high_school,0.546667032616485,0,,1437.5709546152034
41.94470196280764,,high_school,,0,,2471.494801708193
26.91209222672343,69501.32311541024,college,0.6766145517765254,100,low,2216.458383956573
33.178103612270085,69074.9006351831,graduate,-0.6448603066373296,300,low,2154.3584658773707
34.669899857717155,78708.17131713676,high_school,0.34044044350154545,0,,2366.341111192994
74.4890891049107,,high_school,-0.8760594641105784,300,high,3115.6462972779764
66.62090337296576,34361.60844134767,college,-0.6196429830140117,300,medium,1117.3117999561023
40.05900698778421,48924.351286843375,graduate,-0.9177089745002595,0,,1490.2516141540054
40.637000516318416,50757.37373738214,college,-1.1883888545982695,200,medium,1597.1387997382672
31.209552033740472,,high_school,1.0642094888580087,200,low,1478.0135659641394
22.1024350412968,43836.25128594431,high_school,0.6886117009788877,100,high,1443.4546509881159
43.59743776309771,55505.20403916952,high_school,0.9766653699781299,100,medium,1772.4843908726355
33.02577620107169,41750.944270658925,high_school,0.03931306602429631,200,medium,1290.1954076950688
43.98179362005588,65025.6355130612,college,0.7768076988651466,200,medium,2061.0051560925585
25.79752981147827,60775.47482142922,high_school,-1.761289404642545,200,low,1880.543592580902
35.85630650027691,67215.42997145483,college,0.8630875180453551,300,high,2131.7051115112986
46.78352514363397,67615.92677457379,college,0.1771198300050302,100,medium,2122.0961883067394
49.39451517340725,69045.10280140015,college,0.6271096001491656,200,medium,2157.2355922129946
50.009663504904175,,high_school,0.38002329904861315,300,low,1681.134050543839
29.154132190115554,91817.15103950501,graduate,-0.9870551545368866,0,,2834.1630909007267
55.256228761626744,63516.46674723147,college,-1.4980397753910466,0,,1967.919773163325
35.3974596407778,32062.728710628075,college,-0.7120541661829632,100,low,1045.4131235975137
52.594294975287674,,high_school,0.5649172812729122,300,high,1399.8237687637188
44.87233588058168,33892.45516458277,high_school,0.6900914151753954,0,,1084.7423413082354
28.483350011064626,60260.01943726961,graduate,-1.3679422773818628,200,medium,1845.6012849551535
41.20562754502574,58172.921639199994,high_school,-0.9810993674682146,0,,1763.2923453538374
49.384364904765214,52973.61453150813,high_school,-0.7232356859408393,100,high,1643.7029813057566
52.35558456569519,90163.89168600772,college,-0.3573050602668157,200,medium,2775.88812259299
43.30814523066697,68234.74311115366,college,-1.3620508308526522,0,,2055.9216301288498
63.381346687212634,70891.47542169501,graduate,-1.4220517661401326,300,high,2177.9346055085507
57.090129251838704,46033.89768086845,high_school,-0.8218352964075539,0,,1439.8388857883078
41.92015060320296,45012.82663003482,graduate,0.08625383622500567,300,low,1431.049156189319
,,high_school,-1.1805943397534906,0,,1850.6934738085238
68.20552182225825,62595.10709478339,college,-0.11580350997176611,300,low,1901.2803231201588
68.52581520939633,32155.326493283144,college,1.0585528161418154,200,high,1055.5082285523092
,57295.39465725699,high_school,-1.30177973741351,0,,1764.8241463628458
33.88160266611419,,high_school,-0.20644575841053947,0,,1886.5732151122675
62.819025440806215,56772.76251343307,college,1.0247567337507726,0,,1810.0936029355153
32.30062738994835,47799.143814799856,graduate,-0.4182683903638093,100,medium,1520.1607839027188
29.129506400499853,51906.9722711829,college,-0.5736696908584189,200,low,1620.1474502641713
39.16567043161144,57347.11209640806,graduate,1.1634958143064738,100,low,1851.4593009567166
50.04272051369503,61362.00035415072,graduate,-0.30620207897154783,100,medium,1936.6932278647323
43.771239520666846,69071.87373825852,college,1.1044950252055679,100,high,2181.495481677396
37.19323655513289,76212.84307426307,college,,100,medium,2387.009533500775
36.909450459305894,,high_school,-0.34284465290983673,200,medium,1735.0800383425071
,,high_school,0.47969053059753036,100,medium,1677.9592717228995
34.44588445609269,66564.8351030146,graduate,0.3204495138460378,200,medium,2109.793189616125
72.37959452731275,69162.6737461628,college,1.020882821002474,300,medium,2158.2123808678975
48.57013285422666,,high_school,-0.5483455378650185,100,medium,1671.5973104902814
55.641108652856865,71855.90215449258,college,,0,,2229.657799741998
39.131070382572915,74693.7801173396,college,,0,,2313.3237044103594
42.76851987376742,,graduate,,100,high,2484.4362372157793
36.43735222355574,86674.81360079734,college,-1.0251791944441757,0,,2641.1079362305036
18.0,47003.757920108415,college,1.016977048237856,300,low,1498.7060256086077
,,high_school,0.4663287721704166,200,low,1913.6700149290634
23.272575840235262,60169.1654492799,college,-1.3169250736329463,100,high,1858.5618598548572
18.002594664580712,58528.896472012384,college,1.2082628254805003,200,low,1900.106886641466
30.655692308422765,50261.056205847955,graduate,2.2340930807977313,0,,1658.8974943990231
60.89946815257957,37716.56995153393,college,1.0018339695494078,200,high,1269.0100560657436
44.466765987547745,61390.19169043506,high_school,1.4269847672264693,0,,1954.6871917790793
60.486765147854086,48474.665106781315,high_school,0.0853713816025881,200,medium,1509.0555192336963
49.93179092281051,61289.90221121437,college,-1.66150491973851,300,high,1844.012324886017
54.39070590858191,48089.3468745172,graduate,-1.8441204511675249,200,low,1435.4829916816059
34.189236056345095,,high_school,0.25508204386775846,300,medium,1426.3641455057689
51.28741145031205,63514.475405653466,high_school,-0.59197880772998,100,high,1989.452540027922
53.74457080889215,62263.82290209744,college,-0.9145762783273513,200,medium,1925.6200165663515
38.08023249319569,,high_school,-0.06274668396867535,100,low,2121.832594173246
51.714484447394,92787.95649626438,graduate,,200,high,2922.474364931255
51.794253102898,64159.3429681627,high_school,-1.4527575467621472,0,,1948.2660528601346
38.40536854643901,67276.22650596194,high_school,-0.4488776202803848,0,,2080.2372656726943
31.52677881274806,,graduate,1.5098706831203152,100,low,1483.3753147056605
,,high_school,-1.0752883802213746,0,,1286.4159820329971
46.03806650305754,83742.44170160001,high_school,0.8697611871649563,200,low,2659.3691161865117
48.924118425471775,46147.803301000444,high_school,-0.4847307615489939,200,high,1450.4045621771877
35.489690034505024,44340.83892797037,high_school,0.5457937598499527,300,low,1420.9135196257826
45.319024095913186,,high_school,1.0973275072028672,0,,1880.4297009514846
,,high_school,0.7412817669850216,300,high,1818.7887212290823
52.41828857598361,46462.40240335063,high_school,0.9091596022138765,0,,1489.3658004228191
63.62256144146986,55425.4017193035,high_school,-1.1515935334079561,100,low,1719.294831632679
60.32376998637652,,college,1.1136597067412988,200,medium,2468.443662604719
32.98450280692147,,college,-0.8526931146348199,0,,1495.6359913143936
65.20303451445628,,high_school,0.2595417655715384,0,,1228.133428868814
38.62828194533142,,high_school,0.2582461869972269,0,,2317.1378344024124
57.53847374945313,67384.45367907055,college,0.48512255886958094,100,medium,2127.5743243673846
45.81583951261307,50692.22069027008,graduate,0.33695667606019053,200,high,1626.5817863630011
,36267.49475809623,graduate,-0.8438099785247232,0,,1156.0181430505543
23.307637682700808,48830.649653421555,high_school,-1.3498674122957162,0,,1496.8304953268005
42.941225877403824,59179.43344726093,high_school,0.8723486799617686,100,low,1897.4264871602195
26.287401176332693,77485.08134825728,high_school,0.18583457751891555,0,,2354.3456808102355
,,high_school,1.1493768409578178,200,low,1447.3725352996353
63.201511885670975,,college,-0.04473293418786798,300,low,1880.4297489702572
35.43706812843972,70127.16989842347,college,-1.4051643606769604,200,medium,2113.774164321538
48.62364891023125,24280.98989817119,high_school,0.9661296810041061,300,medium,828.274373826116
36.295301735904296,,high_school,-0.370370609661107,100,low,2335.786786612225
37.45818323835852,42263.24141690344,college,0.3420034574210212,200,medium,1350.1765983294229
54.29393644638446,,high_school,-0.6474594284795192,0,,2023.5547058292225
44.53754085787905,63700.24724416116,graduate,1.6443017102336905,0,,2057.516718490012
65.87577650317213,76268.79587195767,high_school,-0.8765648241831969,200,low,2331.8750506325946
39.213210255564945,68263.86571340311,graduate,-0.33742975410617465,0,,2144.1319248745112
56.99203598969387,24340.642624050284,high_school,0.10744870269731638,300,high,805.2817359890159
46.16896095549338,48228.31129266013,graduate,-1.0921823270869582,200,low,1564.5966782659189
,62073.0769402992,graduate,0.33051952858759515,300,low,1957.860164681273
39.634108112040636,57075.301708203195,graduate,1.6119104774674902,0,,1854.704953483894
44.405293949381004,67164.16094635156,graduate,-0.49046216069371046,100,low,2053.798955603579
43.614013448412784,71840.49833504559,college,,200,high,2234.393221352044
34.967314621850555,69126.77604644519,college,-2.7494353860385554,0,,2096.78411613727
,,college,-0.03892920048484066,100,high,1749.2267736212575
52.80298806694037,32304.944833192792,high_school,-0.31304228592620537,200,low,990.2044388984881
52.1226563388668,53167.78126717774,college,-0.8184976024103849,300,low,1645.0634911973389
63.443587847011734,66245.52222208433,college,1.081450469628532,200,high,2115.502276977379
62.39213761483564,43643.291211742835,graduate,-0.32624368162382816,0,,1379.162981670075
40.500663721810376,69469.12095182364,college,-0.17747748709358746,100,high,2151.7764800284695
49.47662782121014,73625.89945900957,high_school,,100,low,2235.5531248611906
37.516791728901445,61903.004644437635,college,-1.9168158717650765,0,,1889.87234976977
45.280263793374665,,high_school,-1.131986440076961,100,medium,477.9248372380866
37.803006610573625,40828.67455932295,high_school,0.9610934861202163,0,,1299.1568880759862
64.44084370963262,88292.83737834122,college,-2.109950646879972,0,,2675.956829062966
49.364377804115556,51801.93310457433,college,-0.7663153496157056,100,medium,1621.7002542645432
42.383650462746935,30237.85165306506,high_school,-0.3997200562897638,0,,996.5984415228323
59.32342286227652,78528.71082465409,high_school,,100,low,2490.178771163898
18.95261508245506,,high_school,0.768603765496369,0,,1932.6654757945428
20.830768861616523,76574.10733436588,high_school,-0.5571705270530996,200,low,2380.5071377626095
54.55006386263729,64154.38012829048,high_school,1.304513697115551,0,,2053.8612292608864
45.725621377408416,66878.38704318253,college,-0.7405158205011196,300,low,2024.8981706092598
48.005355603129125,65445.13871571775,high_school,1.0090998037340055,0,,2039.6032891095576
29.083246760177417,70462.324678815,graduate,-1.3588772459230156,100,low,2153.8416416028754
44.7211954697956,,graduate,,0,,2942.0844356355697
69.04211292481611,74565.09503938782,college,-0.4061336454709856,0,,2298.0105238212604
54.89039543755035,36294.91023231698,high_school,-1.0285042409412697,100,high,1137.0406150870729
47.03647854171375,66699.92272918356,college,-0.21714361307631405,200,low,2093.307250441481
39.731353078740746,77122.21152154826,graduate,0.27734417972021486,300,medium,2435.090900470291
40.26512577756728,78040.51209804219,college,,0,,2388.7926449708348
19.44962532959979,53600.92525411351,graduate,0.5539535059953238,0,,1729.6930723394744
48.09168505105393,77474.16667782192,college,,200,medium,2365.732710344772
55.145797301782245,73916.13599326808,college,0.6203723939313579,100,high,2304.7574121980206
26.09256807395262,,high_school,0.44222206203659953,0,,3064.2890518414697
37.06299729231821,48749.973956272326,college,-0.06092305470793503,200,high,1473.9657868713387
31.110424413198935,,high_school,-0.4413823123659498,100,low,1691.0979398350246
33.41578566229484,55408.21427310069,college,0.15154079576526616,200,low,1761.412932782781
45.6417795218628,52646.66774941837,graduate,0.5502537430336992,100,low,1671.1726895043626
19.987174140138308,46649.688753545954,high_school,2.0617991527316084,100,medium,1589.898445222862
52.371245260284766,,college,0.939420421798181,0,,651.8443890608949
54.04626083920419,,high_school,0.9759899498158413,200,low,1709.292192616024
41.98676894355705,65540.37089549856,college,3.0885121948602836,0,,2128.130792031034
18.0,,high_school,0.5159584767678441,200,high,1717.5687605742423
33.04297648797132,89030.71775293665,graduate,,200,high,2776.8396555573468
59.79482320923236,,high_school,0.7040150743216541,200,low,1900.2318383619615
,79365.43582776203,graduate,,0,,2475.769738565722
40.82971905367777,63921.30619094952,graduate,-0.4439016364187562,0,,2005.6100662583058
30.839990658392892,72396.10964839887,college,,100,medium,2240.191254819318
54.65484361901804,64188.62330900344,college,0.6476139772195617,100,low,2039.9675162243298
36.898632574278466,80531.76947855344,college,,300,medium,2543.048195791387
49.84744824882734,60839.09025198601,graduate,0.1382234254743028,100,high,1920.743895175384
51.78552503002912,67441.81062133178,high_school,1.0874546201484645,300,high,2132.320396486844
67.03471007676023,65494.99400475065,college,0.8631507387041388,0,,2060.6395289376455
42.564696675895554,55675.718128090215,high_school,-0.16172100304124704,100,medium,1770.3461554301516
49.512532435471336,66074.73478387015,college,-0.6699950968782225,0,,2025.401969691364
27.179334250470767,,high_school,,200,low,2920.3760344190846
59.28496275952493,55944.04586856837,college,0.7738911809098658,0,,1741.1467711220519
35.873893823143625,66291.97339279873,college,-1.6062568182953822,0,,1998.9571930707286
38.270950030947056,78866.68426304164,college,-0.3131539389082808,200,high,2427.114434654567
44.73302646180947,77103.7992141642,college,,100,medium,2394.5941871733157
26.245387855921805,,college,0.7788297171210313,0,,1950.8962520747868
47.74524034714726,24249.169455639574,college,0.9101014949397712,0,,841.6253644423111
56.609595275100126,67750.542279727,college,0.2839060011754735,100,low,2094.4870805857277
48.515205881967496,26707.88612065421,college,0.585247531358856,0,,879.9767969121259
25.9332292298553,82049.05846411847,graduate,0.06413680237815363,0,,2587.924217044584
43.514288468044086,,high_school,-0.6738516881805606,200,low,1956.8227541301123
53.904346835753884,74995.11029807983,high_school,-0.261264391041254,0,,2315.6262019977644
22.464134808409106,,high_school,0.018991186640108272,100,low,1474.537126702749
32.10280783418743,36712.38790049918,college,-0.034679250018589874,100,high,1206.778512311417
55.51852324897824,63911.315762117505,college,-1.8855729044434706,0,,1913.1464815712382
48.241145210367435,59495.94840065787,college,-0.3974833349294312,0,,1856.67398732782
,52626.887607642515,college,0.05620565308915186,0,,1700.9741481470562
67.31393769147974,61269.91921099146,high_school,-0.281369991905701,0,,1900.106621371862
50.62263334207443,101511.5383804839,graduate,-0.24682379551158573,0,,3107.1179312928994
52.89465612519815,72517.88321053586,college,,300,low,2271.936283431045
77.52894632661992,,high_school,-1.0789571870486339,200,medium,2291.741009483418
42.43434530291411,,high_school,-1.6280422139512112,100,medium,2181.8308452539486
35.42540683657806,82191.9321577829,high_school,-0.3481697908366748,100,low,2551.6208881275397
50.13355677896559,,high_school,0.7641144055017897,100,medium,1834.6810889812302
50.26789235266674,29178.580384870595,high_school,1.6875530394866385,200,low,994.6319231129322
38.6794152966455,,graduate,0.78212823909474,0,,1821.7156661898894
32.61123576534183,72176.03564994753,college,-1.4682637598688473,0,,2185.696230997253
,45452.9940732739,high_school,-0.23236723937677117,0,,1417.261026475022
48.92212164465627,57354.510742660044,college,0.2566343810815294,0,,1792.6259252314553
36.21257542317509,49623.4538549653,college,0.1775911169235922,0,,1555.704407711014
55.991163627355185,82530.43877764695,graduate,0.539304552942874,300,low,2611.9400947120093
43.690258181263985,71241.85523109845,college,-0.9170489464607607,300,medium,2197.228915783489
41.96542264418603,69773.10930965938,college,0.06494308755074261,0,,2185.6067627547977
51.74727446297392,69324.01969681458,high_school,0.420322829776129,100,low,2184.1246299448826
29.497412781219722,59441.2612117181,graduate,0.8256709533036595,100,high,1918.679982895239
49.23152644700607,62963.344237912555,college,-0.805718166612792,100,medium,1931.8508198595553
67.95545769278102,42222.23129201524,graduate,-0.345156867242898,100,high,1337.785556356209
50.59413194636773,,high_school,-2.7038176800733402,0,,804.3089035016473
40.48545475459843,62251.21695517536,graduate,-0.6214619675777742,200,high,1947.4191947461616
,64859.853844082165,college,-0.524414892971043,300,high,2017.4396179350665
,78138.96852638066,high_school,,200,medium,2385.8903551691833
,83570.03724123552,college,,200,medium,2564.5072833538957
40.466321606900735,83549.97727498421,college,-0.05594543204526823,100,medium,2587.5125356240283
55.9957372928948,45029.64610059183,high_school,-2.2592138775776114,0,,1351.029708287833
24.201490761492202,54716.02447575346,college,0.21550796930175647,0,,1698.0377830167351
55.344000604945606,67205.01443822069,graduate,-0.9283241307890274,100,medium,2080.7819442982513
40.443761698289265,,high_school,,0,,3053.012735155406
49.52337342834447,82201.48805570875,college,-1.2818512477286654,200,high,2553.394547029409
31.476145077589635,76790.95742997571,college,0.03000653853094012,100,medium,2381.066896449992
60.94357280219323,54183.18066676064,high_school,-0.2831633288865059,100,low,1675.754495804146
59.947619522062475,46752.00553267313,graduate,0.30310188495033036,0,,1469.4909921588878
56.515086309000885,71833.6182507486,college,0.12469727765134685,300,medium,2234.664760827238
26.82294269047753,43490.0810364846,high_school,-0.25516417502145444,0,,1387.6823981098225
54.94945285279263,56423.45473529546,graduate,-1.5362723140442447,0,,1712.9148195154053
49.8582610516285,58278.33076497116,graduate,-1.4772079634610316,0,,1785.6059558794127
25.73674503440919,,high_school,,200,high,2546.852146077505
44.708431394750214,54679.54045560484,graduate,-0.00827988392958697,300,medium,1746.3111364095473
49.37441386839915,23411.25542141077,high_school,-0.608247947199117,0,,743.9894320987066
51.67290328587781,67566.66971493703,graduate,0.6252119305794656,300,low,2129.2268706942964
,49514.67220344111,college,-0.2792209192116837,0,,1524.9661018992338
,60639.465366566204,college,-0.9650127247795103,200,low,1854.339118763285
62.68333670703715,58699.42948736814,high_school,-0.27809629298790933,0,,1815.7065044075378
,55894.440062733476,graduate,0.22585983631655238,100,high,1763.52697657282
18.0,71855.10872677056,high_school,0.3248847188245844,200,low,2265.994453678304
,37007.02682470939,high_school,1.8783791319931293,100,high,1274.748311699826
43.02418766947258,52244.786625684595,high_school,-0.6689093400034194,0,,1640.4184435910859
23.974817127276346,,college,-0.07347866159040038,200,medium,2212.868583354396
46.13019669878775,,high_school,0.4261239468194264,300,medium,1642.3025533490859
59.98509326892608,35867.899360950425,graduate,-0.023422959200815323,100,high,1166.7359030484793
,70028.33014885103,college,-0.5006181459886532,200,medium,2169.116623331035
,,high_school,-1.5492571763442435,200,high,2354.578700901327
34.010118272442746,59325.071885354904,high_school,-0.5108345590530156,0,,1868.8822463720683
36.937055715843876,,high_school,-1.073702412717801,300,high,979.9111972085752
62.72872361004042,70589.54620048225,college,-1.7266066811237784,0,,2105.431271835012
38.4893061586581,35101.68177870468,graduate,-0.7956788416705864,200,high,1103.1062319698008
50.5465498681275,64631.98915272248,high_school,-1.0470917207664545,0,,1976.7765659440072
22.545382607268156,46688.0426288676,graduate,0.5837865452929482,0,,1532.4746043359003
67.34781073673857,42602.41071349552,high_school,0.6010918374142937,100,high,1362.0042427775138
52.23182935567799,53371.34974380465,graduate,-0.9038792895808748,100,high,1680.645571617885
42.81000188819686,57250.5366535911,graduate,-0.2602286305631211,300,high,1824.6089723216264
51.906558119998735,50336.876244203275,college,-1.8582426621125354,300,medium,1552.389137776267
28.082166852626276,68830.54917322726,college,-0.4943399501826941,0,,2160.15600455463
,53308.959323117495,graduate,0.3989819007023456,0,,1670.9031741709048
41.112182694042836,74702.86307507733,high_school,0.8249378896141027,100,high,2354.930647582837
42.551165819418785,64217.59748465219,high_school,-0.7130470816913138,100,low,1971.7103483600085
39.100132620414186,,high_school,1.0518548605275198,100,medium,1565.123509910096
38.032183167052985,,college,-1.5156919215134717,300,high,1440.090780405424
53.336047339540904,35287.55551428842,college,-1.2476277991437925,200,high,1121.0245470971133
48.070882201250676,64360.99766800234,college,0.7096618656378763,0,,2037.2991851109505
52.82097769683648,54681.18679122963,graduate,1.6711212285632473,100,low,1814.514939177486
44.89446372617314,,high_school,0.4934319881836954,200,low,828.4123430592051
51.158397732926176,51964.276908458996,college,-0.040342386534012425,100,high,1681.0948918631445
39.97381507289954,,high_school,-2.1951837465222086,0,,1412.2426914134965
71.75678209691458,83635.16388255991,high_school,,100,low,2512.95271967011
,34458.320821600355,college,0.12940953689586895,100,medium,1098.9516914950398
60.131247882755815,38379.738003989194,graduate,-0.35806266957117455,0,,1242.795890897018
61.414889408651646,76649.54464658549,college,,200,low,2325.5613366498656
34.77409432841287,,high_school,,0,,2482.1813983313045
71.75128332667168,48825.25591911538,college,0.11513136750780958,100,low,1557.9605882106114
56.94588339534382,50518.71265786634,high_school,0.9444158685402726,100,low,1638.5853674704454
56.65366808187494,69243.5309482997,graduate,0.13660228301270078,300,high,2185.718190242648
45.33626624431052,25093.503045820347,college,1.2283943683343845,0,,859.744966621387
42.393286101375885,32082.09473241666,high_school,0.007994029548813363,0,,1040.4865025021713
42.4870940755247,55788.99898723932,high_school,-0.11533499480733611,0,,1747.7692847812802
49.686367155834205,83248.35849193689,high_school,1.0643121862471823,100,low,2620.187300381053
61.81423530040675,53464.048677498904,graduate,-0.9784408800414345,0,,1684.7324096434052
47.17577061433703,61514.05187602732,college,2.8144474532661614,200,medium,2013.6300256756037
34.06267652235252,77006.83908846018,college,0.3752574781667358,0,,2443.929380444778
54.893124748619755,91603.2709991722,college,0.3808292528376731,0,,2850.020333546647
56.053808956737505,51347.27290277531,college,0.5250959739725976,100,medium,1623.44817394178
52.855914341373435,59747.44914399861,high_school,1.8771364753316424,200,medium,1938.8838395318003
53.94598687829979,87330.82832014264,graduate,0.7925074116726066,300,medium,2760.845884089483
41.7488624381063,37167.01087212857,high_school,-1.6050559790039236,200,high,1185.9499952415129
,75413.71605830733,college,1.4034703847675043,100,medium,2411.3273551870097
34.581678832310644,44725.26701458113,college,-0.3408965794450173,200,high,1414.753762711088
,61537.08550654735,college,0.10715507283932346,200,high,1932.3061317912288
47.8433833385514,56360.714288995885,graduate,-1.2792539721752665,0,,1750.0435079065705
43.99861460128088,,high_school,0.5262020181238957,100,high,1496.1610228329441
39.72014754564349,45253.47108512587,college,-0.6513742900675522,200,medium,1426.8782125232167
18.0,64146.215463806315,college,0.10016963799347375,0,,2027.4821904913697
30.032190363669972,74933.08992244024,college,-0.284099005360783,200,high,2325.4815894168905
58.450087816838,58053.956952172455,high_school,1.9250128017358519,100,medium,1863.586227456206
37.024487999242425,61051.697380998245,high_school,1.9822603001455896,100,low,1969.2637963018153
49.3271001318821,68567.6109943657,high_school,0.046513170214741384,0,,2136.468694576383
28.311774840296927,,high_school,0.06397771136885474,200,low,1484.8969959898816
62.26446578831077,71095.38762619384,college,-0.37344296634951507,300,high,2185.7318313305586
43.27166807934388,72290.1464558962,college,1.1060062915027862,0,,2281.3009899005256
48.48048475780242,99054.39448125615,college,,100,high,3020.216442740652
72.90935750258022,,college,-0.4213372746456993,0,,1695.9909385869896
63.19728120707285,53128.772974978085,college,0.9785928636649645,0,,1718.9559181301204
41.32121254455531,71534.48807360619,high_school,,300,medium,2241.715019995544
37.88135778155569,72286.56253368208,college,,100,high,2252.590836580143
41.093459861765616,,high_school,-1.5813107815109928,100,high,1602.7118132698517
51.11877898171843,53952.55984604927,high_school,0.7041903451231669,0,,1711.0721098009128
43.73731038898955,,college,1.9408669391818687,300,medium,2190.42660377297
40.25707025995834,47586.236388980076,college,0.7212253727997919,0,,1535.3746207734011
62.60617500850851,,high_school,1.461799167547305,200,low,1728.9758806604377
43.62948129866596,61343.89151052652,college,-0.8461021361773309,0,,1895.8740144266849
72.59506911644783,74939.08027233387,college,,0,,2328.0030477405107
46.08891076502608,50931.02075730689,college,-0.9431599243693896,200,low,1570.7083209087007
66.42382073069673,32364.23306953992,college,-0.22776554558134285,0,,1026.0321795118482
49.28783307252752,31251.037987226835,college,0.7722114773525048,200,medium,1070.2008076745474
56.555526878993376,,high_school,0.10182061310329862,0,,1362.2519103127697
36.304667381787304,,college,-1.4126410226012216,200,high,1224.455623470417
34.75488932895106,57680.83862070137,college,-1.3150291055377534,200,low,1748.4074167029116
50.51647146017985,42166.79769603592,college,-1.3811639314907738,200,high,1279.1677206501017
56.86263890958378,,college,0.4914525899395903,0,,1568.0067580230827
45.48307802400556,48388.711725269255,high_school,2.0638945356566682,200,medium,1608.7522590365202
29.563279978995634,,college,1.3624582440002129,300,medium,1739.6886287898772
28.676899604528074,79837.56497284684,college,,0,,2427.349566144368
27.874363173765104,69929.21384145775,graduate,1.421075938069784,0,,2247.1502227381015
,60241.94122914006,graduate,0.9364004170146472,200,high,1919.6142589297099
46.31382431336505,53084.60579128743,college,-1.5452999455287577,0,,1618.1398077810252
58.5005270604963,53501.510150654685,college,-0.3032016167104975,200,low,1666.2971015205615
44.839010556902295,64916.197049279246,college,1.0955224114958095,200,medium,2026.2477517673633
,68762.53610028436,high_school,0.5504335109347853,0,,2147.1628842421223
42.71087447598541,46385.737408491,graduate,-1.3090950523879856,100,medium,1418.5125122195445
,,college,0.6107421557961942,100,low,1928.4975631537611
70.15198500270527,,high_school,-2.1375005960805877,0,,891.477282689316
27.514345044965324,63175.706762558955,high_school,-0.22282217575721136,300,medium,1987.0505890830484
40.31186876880965,71432.23862938028,graduate,1.1379567694000488,0,,2230.156827782956
65.47023216653477,55798.97059678687,high_school,0.018394215571319834,100,low,1712.114494566446
50.399740096158574,,high_school,-0.4989375499619459,200,high,2690.5334605212392
51.759756882197095,,high_school,0.8893462537723492,0,,1448.669814992528
46.375013244286535,63261.60622954892,high_school,0.9747518150865815,200,medium,2028.3958218689177
48.959322463887176,59462.628800010665,high_school,1.3100396928669502,0,,1862.2340506839291
54.33131436334243,58495.534988348874,college,0.8743424284463873,100,low,1870.7975631606864
35.28616417328681,58285.16747992879,high_school,1.0813747939371465,0,,1845.5814936341953
55.5367029468984,61606.575450142074,graduate,0.7329085574375346,200,low,1973.3942430573704
28.52396379737353,72719.3811519555,graduate,0.26552864911647195,200,high,2349.4485304118025
48.94041567397846,80666.04354412116,high_school,0.08950899976381409,200,medium,2452.7328158771375
47.144891559435926,59966.24633243764,high_school,-0.237259719097402,300,high,1882.2046955777018
37.604482941694705,72229.7410825745,college,-1.2123682930597257,200,high,2175.555687942721
,49473.49580599826,high_school,-0.9553115088198088,200,medium,1541.7170190116572
37.52951816801336,71489.3317908935,high_school,-0.28201448193520967,100,low,2213.3193169137044
32.139584077659066,48570.12714259514,graduate,0.2414521596024293,300,medium,1560.8732334763345
40.75662310063627,76359.89904132199,graduate,1.4408125980042632,200,low,2405.409312102904
31.75213637554006,93159.61316089859,college,-0.04179722787551253,300,medium,2893.269231992852
48.87356956911898,58168.74168042912,high_school,1.003476290877664,0,,1821.7625975952365
31.198974070171637,27111.84763788887,college,1.0793156564321207,100,high,954.9681570525187
53.543724275892615,51778.906001327654,college,-0.231446797688791,200,medium,1611.466907839016
30.82225118485416,78478.12701433955,high_school,0.5946902113701839,0,,2428.7195776308026
38.204461013027924,68296.15180537867,college,-0.2435280417248615,0,,2154.3752188699145
37.504759101417854,63733.70398012544,high_school,1.3221358940784769,300,high,2031.5759636192254
60.90176074649807,75130.02533932259,high_school,,100,medium,2380.6778993632465
48.9634793473991,67266.80158872633,college,-1.1904837546883553,0,,2082.234917933706
42.45919436946727,,high_school,,0,,2415.6295626371643
50.984633292836676,73791.35514970479,high_school,1.6481121618238797,100,medium,2335.991906680707
19.713691832043743,82825.50679105439,graduate,-0.18123103454670117,200,high,2581.8921855724802
44.482396924309114,,graduate,0.44771503009506813,300,low,2093.174554198241
68.97017013365715,73578.89102240933,college,,300,high,2298.0083650049673
46.58815807683207,55393.09390371322,graduate,-1.0366228991646005,200,low,1720.9259035199716
45.814958030032024,50978.08782661491,graduate,0.5107079492135139,200,low,1627.7588025178707
51.57754055570635,,high_school,-1.3938351520346257,0,,2599.430472632553
55.74726291977215,63243.07014484032,college,-0.6256241064013961,300,low,1976.7415914068479
,,high_school,1.075722967494192,0,,2284.0268508361846
24.812082218507676,61856.10021617085,high_school,0.356756290308358,0,,1946.0797086591588
47.52349549303376,51202.26523620054,college,-0.304477807746527,300,low,1591.8817317948296
36.421481257229885,60164.74338873602,college,0.44646102124518744,300,high,1889.0500885940978
60.74430314663897,81539.91026651571,college,-0.060092247755131445,0,,2485.9804690686424
41.21790732137731,68328.60111419136,high_school,0.012578502351833248,200,high,2114.6189286690774
21.785631171442585,,high_school,0.6568185267201376,100,high,1168.6172238501827
29.783832997872036,56771.33315135768,graduate,-0.7273677406591319,0,,1772.2950606106701
18.0,86734.40689057068,high_school,,0,,2708.330532254883
42.19049355260505,56793.04707225066,high_school,-0.3122681946066529,0,,1723.752989195001
42.7393904728274,32992.81962398729,high_school,-1.5856033746002556,100,low,1032.2130184245148
39.906447482617224,88395.73328133815,college,-0.9204557562492998,100,low,2701.0780479239747
57.946548468356866,70235.88764719189,college,1.5682064470638322,100,high,2215.520748135683
59.38223803820032,58949.80711780799,college,0.38472331458523407,0,,1853.9639931011193
42.955338919726664,,high_school,-1.3235883014013892,300,high,1661.7601951849235
19.38367599027773,,high_school,,200,low,2288.6784007379224
52.4073789659071,51870.248996607115,graduate,-0.11216390011058394,300,medium,1654.9838222353812
51.664322742102904,77223.84636773982,college,,0,,2442.5791768834015
48.71269884188334,68132.92928586384,college,-0.18675813480435263,200,high,2107.7499360158854
56.77775699169739,63670.22888231025,college,1.306999553404016,200,medium,2001.6042671341306
31.02206284246752,62182.72208003393,college,0.3519307708186574,0,,1931.1314037822008
69.10506463422166,57375.479449287326,high_school,0.47125045784589364,0,,1805.327219038247
33.48686696229758,75684.60180313898,high_school,,0,,2345.9918245383906
53.99067512641025,47019.85751847249,college,0.9375229217497576,0,,1515.7894051782828
24.75182766703978,35671.123097546864,high_school,-0.3349320372736072,100,high,1120.0545858528214
33.836823752759386,69216.60184338712,graduate,,0,,2199.9747515743293
,69468.57492100721,college,-0.814169981986113,0,,2126.9670770453463
41.8692021239898,67203.6172876765,college,0.1770493475099125,200,high,2117.7662705150824
55.079071261593576,66115.92554427058,graduate,0.3520029539376315,0,,2088.6329828636844
47.84346466463095,55191.89432493678,college,-0.15403331657586652,0,,1667.4976472363135
43.74050212799793,71812.24056578288,graduate,,200,high,2265.538165790641
61.36620389919228,,college,-0.26639707519250877,0,,1820.7542405650033
,52693.296587772325,graduate,-0.6490597530412794,0,,1621.8124831608686
23.631142709238354,55321.630316169,high_school,1.6054833827939645,0,,1792.2283714067985
35.36111889657954,90309.59548163747,college,1.0489528663614422,0,,2831.2953131722775
51.61430074442033,33975.35876931851,college,-0.7608647450481768,100,high,1037.8129781501634
49.7461092763501,67496.82156443698,high_school,0.5684443055946129,0,,2131.176449803924
26.19530099717474,,high_school,-0.742678854701153,0,,1124.289068380337
36.307889767101585,58376.4999251554,graduate,-1.1846846436623242,300,medium,1808.5400374872315
38.019343809573044,53495.58772268718,college,1.0338094413989762,300,medium,1699.5197704132572
40.6143648706293,,high_school,-1.7040996256474057,0,,870.7195352055323
,65835.56385650644,high_school,0.9268559135765412,0,,2109.1467172657035
37.45954670256626,54299.42906711706,high_school,-0.2527223125730585,100,low,1672.4469755551188
36.25667417688567,28511.90486158134,high_school,-0.21154660308052864,200,high,952.171819882965
54.25839911714303,72593.52136161378,graduate,0.4097512196232897,200,medium,2269.6649946959315
54.709455731882926,81525.09266983402,college,0.5811988119942524,0,,2533.9173265960494
43.25027450293421,82351.86513444858,high_school,-0.8263431768289082,0,,2489.9787673688566
40.29552244955122,65384.34660977207,college,0.7177256087500634,100,medium,2059.9800727283164
46.67909174446936,60690.872078656736,high_school,0.1133705380252234,300,medium,1913.0594429484515
35.2010987105331,,high_school,-1.2560547928680381,300,medium,2415.660084504761
31.238015013990708,85235.75378010147,college,,0,,2646.3300887336936
33.7173454928914,77003.53054313437,college,1.3812790155589258,100,high,2436.4658590879335
37.38224203234252,45876.935966552985,graduate,1.6765947982456966,0,,1505.039689651143
31.038314402492748,63020.17279822383,college,0.7173484576086773,200,medium,2013.6999422035547
46.944714708754496,66592.74216437143,college,-1.19034348816837,300,low,1994.5544675521433
53.7565880854045,32855.74546624156,college,0.4906069024558882,100,low,1080.4458919930955
25.954820390421098,67040.40989431161,graduate,0.8508609038591928,0,,2166.1494169113794
45.3015445345924,,college,,100,low,2950.765651705003
42.36077045680398,69599.04248701187,graduate,0.7849542886879182,100,high,2208.1356524533617
,82101.19622162635,college,,200,high,2543.3511113903783
44.844734782756944,62743.720951930576,graduate,-0.0724123388305437,0,,1955.0008398706698
27.556808640820428,,high_school,-0.6083674959040184,300,high,1828.963809131637
29.851328413714015,65719.07085121464,college,-1.8979355185014963,0,,2010.5845407328948
45.353082907019676,47762.60028023351,college,0.33964176671335083,0,,1504.245843845708
,45543.37219148417,college,0.18605284365218855,0,,1458.3585418966254
18.429751547483967,78994.56835754048,college,,0,,2520.0126605972832
49.14871895761896,80585.13514299778,graduate,-1.3375436932928941,0,,2461.615719309789
59.27546406345172,45133.405266189744,graduate,0.6450166893150603,200,high,1426.8270305677522
43.163689485525445,74519.98206830796,high_school,,0,,2348.759075218771
51.60242995231729,58695.60036590969,college,0.07845013077791134,0,,1852.9516109587007
36.563171029226375,65097.12861735646,college,-0.06166531920654083,0,,2031.5873898506757
43.567605608677475,,high_school,0.309002356085701,0,,2112.1212735452914
,,high_school,2.032337024710338,300,medium,2384.980617523915
18.0,61240.773027947835,high_school,-1.023647761699891,300,low,1914.1262289382348
56.313189614703305,81152.42992952904,college,0.20320693339390494,0,,2509.346527611342
33.1800608673067,64641.19259639887,college,-0.7996574222976441,200,high,1984.0059436829042
39.53366585995883,69362.76408704299,graduate,-0.547004720844995,200,high,2146.685978479913
28.36269296075768,47501.061126941306,college,-0.04959030788193934,300,low,1485.4216909829374
28.08036356299349,92379.8851605725,graduate,,0,,2947.563261455717
42.9139475988646,67047.3738480745,college,1.8009906006887368,0,,2142.0663233922946
36.24507367037224,70694.9613801765,college,0.4481421446267063,100,low,2229.060850682554
49.53565197593638,,high_school,-0.3765947230234853,300,medium,1129.5133346187179
50.4304610277551,47659.46965381348,college,2.4927388666385184,200,medium,1558.3124686600859
,78568.25531878095,graduate,-0.4275544813295202,100,high,2425.1183170272366
47.863209491141326,64303.36677438907,graduate,-0.5711359143597373,0,,2020.059171722893
63.93321845918263,31293.30397756611,graduate,-1.7749430445787269,200,low,953.1695829320644
32.18887477146137,75574.34893475729,high_school,,300,high,2375.608138279742
44.340781605564985,,high_school,0.968245592371294,100,high,1665.2839998970137
58.59227784623506,,high_school,2.417805536116446,200,low,2588.3111228192506
60.17447771205644,58682.46482094451,high_school,-1.3895233522181258,100,low,1821.5579685828268
27.938836207865126,63070.60029030795,college,1.4581708074791095,100,medium,2028.9687243971289
41.25173470012956,77684.31867887473,college,,100,high,2424.8876121377853
61.29745315040712,46537.605437180064,college,0.8061002168001363,200,low,1504.0479477826088
51.09694926238878,45107.29788249091,graduate,-1.647777141104471,300,low,1365.176839971746
47.343156377757275,57052.52369402839,college,1.4680818226652972,100,high,1812.679945902541
42.38778367878412,72407.59199431833,graduate,0.7865167513318304,0,,2262.9514447379993
40.394388891507056,40036.84121079764,high_school,-0.038910034786217525,100,high,1253.0978257207562
48.45862875708389,,high_school,0.6451126876611214,0,,1160.4176937986065
41.9715105001862,72355.81390565689,college,-0.7654953010422492,0,,2232.524804721621
44.48905654746667,50955.32531149495,graduate,-0.5794400855816993,0,,1600.6219497654931
45.94318447338045,54116.60980619575,high_school,-0.46344461362539624,100,low,1634.7690332323753
36.86314165807801,32147.843970897513,college,-1.852727861690278,0,,1031.5314496195506
51.38555248657726,49815.31028472027,college,0.8617584942033671,0,,1576.7338470413492
79.97093578098503,,high_school,1.1915936141825663,200,high,1933.3933121697455
23.6761603280871,,college,,0,,2256.806801660316
48.88815029027976,48431.54750648042,graduate,0.3482030159448188,200,low,1532.7004173564865
35.87771893657313,,college,-0.2655404746292363,300,low,2575.857192747267
51.928830930231,49731.65963730299,high_school,0.3282739620810305,100,low,1583.076092035259
45.55868967993433,49753.62297622238,graduate,-0.6275772412110292,0,,1538.9768907941486
54.14225728850956,83060.36327846703,high_school,-0.8834251560876358,0,,2516.77701194516
59.106078918105354,63171.90228545876,graduate,1.0520748860237426,100,low,1979.7159913419346
47.30905341321817,51719.62906482635,high_school,-0.06387058512449259,100,high,1641.5653289392042
,57673.0030322911,college,2.0221089508534758,0,,1875.790318795203
18.0,80296.10366313088,high_school,0.046309964794139964,100,medium,2537.5130866593263
64.08542757499228,,high_school,-0.9260780403504922,100,medium,2486.252081412086
49.50074582270808,47748.10231094616,graduate,1.2269408764359389,0,,1558.8773101310449
,59363.492848813374,high_school,0.6308001641460198,200,high,1845.0750263062716
30.36149106190174,61352.35241501359,high_school,0.7268728636964236,0,,1940.4952323756434
35.03076142073597,,high_school,1.1906006788679186,0,,1464.017683657577
46.75125952973729,59164.72421025008,college,-0.6527962938457945,200,medium,1841.2712068771684
,60079.842906775506,graduate,-0.12725330898528756,0,,1906.520351398095
48.39682305611988,77103.14218405103,graduate,,200,medium,2413.5736928654674
,78111.37542466802,high_school,-1.2907465369156184,100,medium,2358.7555302226397
23.81735621636581,55061.85902461488,college,-0.2635901501582435,0,,1752.0087462179763
56.68582886060771,,high_school,1.3363794578768242,300,low,1814.5878518264797
45.09938291949513,69964.38453083453,college,0.237338103793847,0,,2177.0100496611635
42.55461766650543,51222.173266094826,graduate,-1.3460613278449878,0,,1570.8358195778642
27.346617187381316,68829.60227606104,college,-1.555839411664935,300,low,2093.340861450961
51.03658402052238,58681.40268946178,college,1.6647760587482714,200,medium,1919.713347359965
,45459.02133392069,high_school,-0.09031901025512999,200,high,1458.2092850398474
52.78072813486455,45647.449306805305,graduate,-0.6474102057016173,0,,1437.1030459157023
27.094729974324096,81705.88044046653,college,-0.2739917648970031,0,,2524.164358109185
45.64149495140969,57653.67781285052,high_school,-1.477307754317332,200,medium,1811.3899265090513
43.569973952064956,84605.31140847466,high_school,1.4230951495116198,0,,2685.167419540484
59.034457767526604,52295.45608927635,high_school,-0.3930529375860296,0,,1613.1336233709706
42.85613797183332,64368.0780169724,high_school,1.367401527738422,200,low,2045.1640162613153
36.67033726625201,,high_school,0.05165171444731515,0,,2955.634017291083
38.92076764834557,44139.19883005081,college,1.4295319745684398,0,,1450.5189798800566
,31532.782501503352,college,0.2566944990430854,0,,1009.5224935512364
51.435563630170726,79298.8519693085,high_school,0.853232662869076,100,low,2487.621087617476
40.372440221722066,47597.863419103895,college,0.7190930460883368,200,low,1558.3642364856923
42.16264296042584,59689.404538406496,graduate,0.6232910662519707,300,medium,1872.0269844794577
26.193874912974636,51211.22684322623,college,0.3479344771827106,0,,1611.1149674139392
49.66169041021849,64022.44171432974,college,-0.2328507161155849,0,,1979.1937136353695
23.88221150765441,45741.956892213864,high_school,1.9154346915728602,100,medium,1509.0447305576179
54.02155759002547,57300.89868175041,graduate,-0.9069369850959007,100,medium,1814.777389599541
46.54345910989519,,high_school,0.004307642343159692,100,low,2099.308581066084
73.64342159488707,44875.366705886074,high_school,0.01488587520759545,300,low,1428.7723136777317
31.79837335530833,49498.739555311666,graduate,0.4024407533435215,100,high,1585.8489087117334
43.76805490751241,54789.25749602202,college,-0.4294726458945011,100,low,1703.1832499143331
66.57945241107676,,college,0.31474630558958777,300,medium,1204.151609285016
59.29667568349697,53661.58525801881,college,-0.16884258520296613,0,,1690.7687469036828
36.6454553810412,61781.94809854353,college,-1.5819525174378992,300,high,1897.498231838824
47.68760914048137,54006.76587617357,high_school,0.009552286256846456,100,low,1722.3656875962374
,,high_school,-1.1005653330301517,100,low,1718.1350277842055
48.383470408729885,,high_school,-1.734385762448901,300,high,1811.9853570901967
36.61583476818204,,high_school,0.13687332068938496,100,high,1594.114634713262
43.928155167591186,70365.93848800316,graduate,0.48788334201956646,100,low,2231.488528827028
25.823371496679435,81539.67187202664,high_school,,0,,2519.675099233647
46.621481422416984,53034.294117068275,college,0.5671707070196942,200,low,1699.454326686198
50.40024808106198,67277.97347216561,college,-1.9325890209406105,100,high,2034.7514982527625
42.27096704827339,56405.7426684803,college,-1.3610169279074695,0,,1709.0335433339742
25.61938931298255,65482.31017557757,college,1.9735214368136709,200,low,2069.1731386621655
,83486.69296804881,college,-1.0472087600770361,200,medium,2542.0238608244777
49.37430045591363,67629.89314527148,graduate,0.6108410311366891,100,medium,2161.4891347297694
36.287818827588275,33398.78191785479,college,-0.686937621665846,0,,1096.705112806702
41.632794637943235,66809.93447170439,graduate,0.07967273926756446,100,low,2102.979343223589
26.991967166617933,78492.95614963514,graduate,,0,,2471.5351881143824
32.695078466665144,56676.05745002846,college,0.5615411546196448,0,,1799.9215972469754
38.54626384371433,,high_school,,100,low,2351.931825383524
59.741049747361814,49648.26688272081,college,-0.4482897736442336,0,,1537.1041706204878
37.325959309350296,,high_school,-1.0501721196807103,0,,1171.0472581841973
52.6825639119451,62117.5352824896,college,0.2677741974925111,200,high,1931.6678201058778
38.54020556566104,33652.84918880529,graduate,-1.21271879904259,0,,1022.7232299675642
47.9753707302225,56403.434806596124,college,0.4274810421208385,300,high,1806.681635295336
43.30325397427438,79302.63393968255,college,2.6264849090369,300,medium,2523.389289691686
55.47667920111292,31353.55641380579,high_school,1.350170051262012,100,high,1037.3446787563737
,,graduate,0.7183478868941628,300,high,1312.8863128426287
,44519.51632257634,high_school,-0.08560729774114767,300,low,1415.8652515143444
28.416611623636406,,high_school,-1.9387526270035254,0,,1834.4050247193388
38.61747007268691,54514.24821530686,high_school,-1.3222863959001843,200,high,1718.3256965623111
30.011280351863366,80987.0457254413,high_school,1.2827928561027135,0,,2519.872179754347
49.92254418815462,74315.22493637547,college,-0.7897560801247798,200,low,2273.7138336739176
39.41078202170306,67429.09419102897,college,-0.6992520981640467,100,medium,2061.502716373222
73.49527860031718,62184.454715158274,high_school,-0.16565047568402144,0,,1943.5832427082994
24.147424858354416,65898.44665477242,high_school,-1.0620462588465547,0,,2038.750170394477
47.443598144517615,47070.26467029937,high_school,-1.2267687345516363,300,low,1438.8516924525766
31.464563717931973,,high_school,-0.050474072781421825,0,,2269.9496166698873
39.07918391540786,43319.33618461198,high_school,-0.8915294546720363,0,,1343.74623751234
46.69703368008653,72530.65490853347,college,,0,,2262.6254949100917
18.0,77792.13753178247,high_school,-0.781191026147006,100,low,2412.2675854693844
47.84191340145633,,high_school,0.5223602138344686,200,medium,2000.035389072274
67.83488954729002,57356.80411557036,high_school,-0.23212569049535728,200,low,1726.4845584179473
39.558740419576885,66004.6486246451,college,-0.17857196789385368,100,medium,2053.6671559161723
48.11769428166611,,high_school,0.5969458973088833,0,,647.8304824143112
57.29906031750479,64533.87327728192,high_school,-0.14203960823294015,0,,2029.6280613134506
43.032557999676044,58299.6900324029,graduate,-0.27825376845717287,100,high,1792.1850172001277
38.028477737622204,,high_school,0.47045035557017084,200,medium,1866.0481042689762
18.0,70597.98769346741,college,,200,low,2204.9551767923767
52.691888632739676,58878.46617652908,college,-0.14707349950860418,100,medium,1869.8178672015017
,42896.89715023263,high_school,0.0806077756205216,100,medium,1372.3897238794862
32.847793783342055,57878.95993761933,college,-0.781790229733328,100,high,1781.13528315028
46.519160523332324,61013.33226121237,college,-0.8606830431645255,100,low,1882.003055150585
37.99583571832582,61724.008673715194,graduate,0.7691475019668077,100,low,1913.6494568299272
38.65888642661369,,high_school,0.4449420625446217,200,medium,1945.1833078721809
52.2754938733045,,high_school,0.4552984384165761,100,high,2355.96615094572
28.939411064113866,,high_school,0.28085434872552223,300,medium,1422.1538834334087
,62635.50684247275,college,0.04620327581495357,100,low,1912.841129420242
28.227766042579155,79348.9454792736,college,0.6964118908227692,0,,2479.6237319275533
37.04758309973683,33980.82754594207,high_school,0.9351087610227838,0,,1149.1480124294533
68.07535432879892,,high_school,0.9112280051906476,100,high,1945.1111028548787
58.52825713970907,51219.322470404346,graduate,-0.10077791594598683,100,low,1618.8758647595796
46.17124790994528,54439.34423290342,high_school,1.386992729908838,100,low,1753.0239749915154
33.7136374139854,46427.88745178367,college,0.22846068173232117,200,low,1517.1212317056188
38.64873231960128,57456.739264493335,college,0.6323761925657985,0,,1818.7463736897405
45.879303775028355,87618.83421640357,high_school,0.28208789083487973,200,high,2710.6559993621377
45.45027878807518,,high_school,0.2470067074841741,200,low,1332.7905943640353
43.90954884448845,,high_school,-0.7357519902503197,100,high,1303.121191393787
44.630009830989785,40470.981447547434,graduate,0.701350838344826,100,low,1318.4372995302558
42.42749868353863,85911.27429942151,high_school,2.845294394907639,0,,2732.368811271295
27.696255172319844,53064.904417180696,high_school,-0.3747950747900833,100,low,1664.0769164314563
38.80187109407001,59615.41409478489,high_school,0.07099471542494816,200,high,1888.1594577385167
,53958.255883406404,high_school,-0.4462052643472624,300,medium,1688.4570039494965
28.57998842938659,45833.65682395363,college,-0.48801990156193453,100,low,1431.1054672864839
42.72533386152866,56472.740300783465,high_school,1.5444494781186728,0,,1821.887010502844
35.162952854749875,96873.6540860484,college,-0.6729710177274647,200,high,2998.247847904263
46.33620515277734,80881.06381461382,college,-0.4740804733663613,200,medium,2472.414083685089
40.33640182719818,47205.932733115915,graduate,-1.5874928237313013,0,,1461.2883319758796
62.72872397969603,69713.61154592529,high_school,-0.7576117245422473,200,high,2133.4524191128708
51.078997850283045,47527.158410004355,graduate,-1.7083998929533477,0,,1457.7631562696529
29.258362010673466,33354.485417306685,college,0.6318046992119288,0,,1072.3463700452337
53.05473613936438,75292.66376496945,high_school,2.7996972218373095,0,,2444.458718620764
35.70417772485524,77401.39269965325,college,,0,,2377.7022902998906
,75690.78376571849,graduate,-1.6667579329902373,300,low,2332.2041926131837
48.76582824128546,52952.02126170641,high_school,0.8999996644297332,100,low,1678.7501815024914
39.099030963238384,57498.36398997021,graduate,-0.7269249589301569,0,,1781.0835624116671
55.71426979587547,71246.48330487184,college,,100,medium,2272.780237174133
35.70587926183926,65872.44056022161,college,-0.2820290477899447,100,high,2069.737097811589
37.57264136890364,54095.437930544336,graduate,-0.6318156890827807,0,,1699.2956645386744
37.1235492774227,,high_school,-0.17795755574568647,0,,1162.7401906318705
,61708.127912130185,graduate,0.7577767609361872,200,high,1959.0999170769935
58.19029866657375,,high_school,-0.22742063075565644,0,,2349.4692168459164
52.545555523323635,42036.175664487644,college,-0.49672470279370545,200,medium,1306.6782632398797
65.51932744814485,69581.39072513966,college,-0.1988316029788718,0,,2166.798408926756
72.21173044679105,64973.12542700539,high_school,-1.271855184500885,200,low,1961.063975428392
,71252.223948485,college,,200,low,2262.8650956137203
45.845029527927466,73079.6324957851,high_school,,0,,2209.5479789278456
30.885596200278805,49583.02137111971,high_school,-0.44412145436551537,0,,1559.134370682813
,35745.60899752581,high_school,0.7593852088307432,300,medium,1192.4900221702728
37.43900987693197,51997.20711475681,high_school,0.3030482829327168,100,low,1650.7654454160115
32.314141510340704,73336.90976290511,high_school,,200,low,2295.701673035868
32.37735272521903,,high_school,-0.06504567271880911,0,,1637.3577279129697
43.268587457756944,49589.35014213537,college,1.1697461809855167,0,,1619.0149630358997
30.399378979363114,32679.744871130424,college,0.924699196769792,100,high,1079.676588104591
55.10552350965159,86289.71331826408,college,0.44614100424767456,300,medium,2671.998127775061
33.98695755098983,72385.70462137964,high_school,0.927545777313543,0,,2282.60976773205
78.7148276411567,71548.43971912147,graduate,0.7504235544035768,200,low,2256.9001882957264
39.58338658842726,74515.88080169211,college,-0.43946351334689027,200,low,2300.5039178787147
45.86421170300463,,high_school,-1.3438989116913336,0,,2132.4356713821626
29.455905786407577,56335.06717230706,high_school,0.42036212584262383,0,,1784.804154496985
65.47310109753167,57543.53843816697,college,0.5460892308314287,0,,1805.1986067530806
58.43400816963499,53586.53453111813,high_school,1.0904719911385654,100,low,1707.6725491505285
,99521.111316225,college,-0.9363212750452935,200,low,3006.9293774378143
28.838369414645214,68338.68046949164,graduate,-0.9064310592771633,100,high,2097.813760663938
47.528002532695446,53042.99337972848,high_school,0.45990026630777037,0,,1670.7094703199577
31.54282744779294,66982.4516124942,high_school,-0.07116698885308664,200,high,2114.2837219623398
62.54826316168033,44836.96623215524,graduate,-1.8857616105711281,100,medium,1366.599485879443
54.71033678223807,82567.6007788384,college,,100,low,2551.2332160943442
46.14526846185284,50083.963562892895,high_school,-1.8524229149889546,100,high,1548.4042801183236
,67516.28148933698,graduate,-0.9452565518733762,0,,2129.1542907817534
33.19900825609163,75989.66444614701,graduate,1.3516813728601071,200,high,2438.748519660323
53.25313357919847,65771.5281630749,college,1.8248790178071153,100,low,2084.203848692158
59.554604300677866,61417.04987729457,college,-1.2156563684719617,100,medium,1866.359530710466
58.31003773790558,60162.03127284023,high_school,-0.3293915374126943,0,,1902.0988946001678
25.895843973102536,59153.383546693396,high_school,0.04262252307870598,100,medium,1867.7550539466122
48.61862768175485,51349.52266608747,college,1.781226927581568,200,low,1664.260632671272
,,high_school,-0.49286894782440155,0,,1668.7202560966202
25.099973213013058,82193.85560476403,college,,300,high,2559.1051421925786
44.905145815521166,58371.95050972265,graduate,1.5487255584628619,200,high,1873.7387177192393
48.28610877970147,48213.0559592584,high_school,-0.374789152718258,0,,1515.3937489787522
41.39082498183918,52255.536047077374,college,0.7222017089664575,200,high,1687.1679215747363
22.77405773518558,,high_school,-1.4771429651124275,100,high,2316.2597455735877
41.091622679115254,70134.09949746718,graduate,-0.17123274409232622,300,low,2188.587100410211
41.07233483693971,68404.93767348386,high_school,-1.6595968383264046,0,,2059.53626457524
43.22313114542695,56137.18201635313,college,-1.0554337809557044,0,,1711.169271550673
38.23834289489916,68600.43705259418,college,0.8392013551522634,100,low,2152.807979235338
39.683854161102396,50346.58312574028,high_school,-0.04990539108671263,0,,1598.6007957166453
44.523524611836265,,college,-0.31910574055297464,200,medium,1744.8982987991312
50.309455259636536,,college,,100,medium,2275.8264404776714
41.34687884571999,73114.16518378597,college,-0.22065607324128275,0,,2267.1629251599793
40.08421285958398,45271.35231073795,college,0.30111316710069364,100,medium,1424.1926033400384
,47167.103206371365,graduate,0.9829162064617618,300,high,1540.0225225121453
21.949008889257822,61630.53229220115,college,-2.6251466840968023,200,high,1881.8147990376676
,85891.98562004264,college,,100,low,2624.8604417902757
44.993242834524494,31266.52253296509,high_school,0.15909624218900573,0,,1016.2189619713563
45.47632231917074,64174.994093557565,college,-0.09886311596228586,0,,2007.0145752325843
56.52881169113357,39359.350026402775,college,0.403376242526725,300,medium,1224.047993845687
21.566213639421022,50485.035097116815,college,0.26754028612655384,200,medium,1622.5305038095478
21.313993561692435,,high_school,-0.30486786299340723,100,high,1778.2418952753399
48.28564614388223,53692.374848446634,graduate,-0.5268531959871771,300,medium,1678.369302079548
44.91459773845781,51993.06090511187,high_school,-0.2455014897355009,0,,1627.5869829177354
,60108.10590564555,college,1.1487423498227427,200,high,1929.0565260068906
39.454475097930654,,high_school,-0.7320079329057144,0,,1650.354172844062
52.97224409087917,38063.13922718771,graduate,-0.06280672314395548,0,,1243.023209964556
56.19166611589344,71698.04418784165,high_school,0.18334221399842102,100,high,2185.233621425584
50.80778752741833,,high_school,,100,high,2271.4670861027757
41.870058499145,72647.61465034004,graduate,,300,high,2310.922765418373
19.707727348627166,36888.98255603877,graduate,0.9588066560109609,0,,1248.0286336223678
54.23083449644554,,high_school,1.2319794032650222,200,medium,2021.265095247161
59.66074399461111,70139.68283710386,college,-0.06375426499064825,200,medium,2178.084077654463
52.73470094380776,44531.96897340623,college,-0.2107189790767625,200,medium,1377.6564043311587
34.44429087158992,60137.598722731935,graduate,-0.3290536720482161,300,high,1911.6902798700937
53.08553272401309,,high_school,-0.25582313424258235,100,medium,1794.344897460493
55.32635649553735,87632.25987852395,college,,100,low,2728.416686619095
63.70579497358903,88867.4405551886,college,,0,,2723.945018446692
34.48668090926451,35034.65410004699,college,0.2352897091698694,0,,1129.9260126709137
42.28254498547034,97408.90508591985,college,-1.125223510379835,300,high,2997.0921876906755
53.96726461372146,46271.61418270014,college,-0.9674900773752345,100,low,1434.2092341507603
45.68892085725789,74710.09941491138,high_school,,0,,2371.577877287508
,74557.46971295596,graduate,,0,,2302.688725824591
49.97539542032044,45064.6465973729,graduate,-0.7747719955783602,100,medium,1376.274510615687
51.943939605782,67399.01690758648,college,1.4310991655892973,200,high,2113.9058997219286
,58386.99383600904,high_school,0.2818085486835521,0,,1839.2754789916792
47.63501912615933,68314.95006948586,high_school,0.5781549168645216,200,low,2162.5803154018845
41.89552917977124,63460.084535709386,college,-0.1380470752815336,200,high,1967.5063293745059
62.73934722859271,77945.0922805537,high_school,-0.31867309057680415,200,high,2428.83377409939
34.19169379544788,61130.99314719094,graduate,-0.16958637249729036,0,,1907.3963478985208
37.952150846834655,57481.888958605334,high_school,-1.3827381702986268,200,low,1759.2382137681864
45.131826162330306,76440.96349585771,college,,0,,2346.4336351052243
55.54744833241071,68705.93947287905,graduate,0.29603307704261733,100,low,2172.1006870228016
27.03152195886556,,high_school,,200,medium,2313.2643757611704
29.27643900281473,,high_school,0.0859990650052155,200,low,1553.6414107136566
20.547257907183386,44321.05827902289,college,-2.334177042210305,0,,1342.4095667780916
45.39234270303925,51484.16785120948,college,-0.09398543278462142,300,low,1644.3048981422269
31.580330193521473,50687.67921479117,college,2.739504133108306,0,,1658.0864249117114
40.385398679785,71792.98902979371,college,,100,medium,2270.9216367428917
52.936538278700496,74639.76075441077,graduate,-0.8108889438085887,300,medium,2322.827329182866
37.30148735060584,,college,0.5911065144305567,100,low,1830.8383977551705
47.77538427292038,,high_school,,200,medium,2508.7707250066082
41.407945106979334,80527.04090647695,high_school,-1.3538075195468575,100,medium,2489.711076776965
53.06537178115724,63650.98374600809,high_school,-0.3483693632340722,200,medium,2011.5142766746646
50.70153680817611,47671.6234268544,high_school,0.09152643923886121,200,high,1506.30438331802
36.69679564590468,83630.6497415331,high_school,,200,medium,2523.7588723640542
42.97617895919457,59084.73973457388,college,-1.1491592905386359,0,,1798.1797216199861
,,high_school,0.010335563182354726,200,low,1947.8612279116605
49.72052244304916,54905.92461590147,graduate,-0.40817317598895414,0,,1692.6367708200316
,46653.14510554203,high_school,0.39481127114609077,300,medium,1492.2689828873265
52.86741673405659,,high_school,-1.2146683273085614,0,,1178.292293590923
31.984672530765142,69493.02485335933,college,0.7141137485533007,0,,2180.161771537621
61.95015683953207,48248.98419155069,graduate,-1.183759097060195,300,high,1496.5780797153313
57.2891860780923,105892.96843495236,high_school,1.64273430193763,0,,3348.7167554335088
48.47862571102081,43708.89626081281,high_school,-1.7157582843783166,100,medium,1333.1228546305936
46.886794121234324,41139.26287527945,high_school,-1.0925542703834126,200,medium,1269.249748537716
42.49161292767096,67652.08073420162,college,0.4173708030318292,0,,2141.1443761408054
53.142287416800336,82939.70218450943,college,,0,,2616.3385922547222
40.55066196645526,60968.84485414832,high_school,0.31504303611617074,100,medium,1947.0280211489348
,,high_school,0.5628579201823911,0,,2153.7751598623
55.463212398233416,,college,0.01753690167305848,0,,1038.2296988352352
38.258321477692924,49837.3268146235,graduate,-1.0263984541151934,0,,1519.5241923145115
37.60568712011167,43895.7640629365,college,-0.4901383482393793,100,low,1350.9712340046228
30.66761423130649,31574.312250781782,college,-1.2119097199812767,0,,958.8242949998199
32.226327046485935,61754.703510358304,high_school,-1.2787099677768716,0,,1905.7534260798848
23.05925626270197,,high_school,0.40174891931974643,200,low,864.0054201261971
53.75794546818636,40167.06050868827,high_school,-1.1231779820879617,200,high,1269.5490503823037
66.70697450499325,51942.09308979873,college,0.3195540067233614,0,,1635.100856940285
62.103947321643666,47530.712460733856,graduate,-1.3018227522210977,0,,1460.9309792125273
25.486986136481804,65946.12753310602,graduate,0.29638302011675466,300,medium,2067.6547220243556
53.6982560586744,64583.7028785372,graduate,-0.4886825689629625,100,low,2018.446656223294
62.065276199082675,73406.98118903185,graduate,,100,medium,2307.2853071900854
,71285.75599069017,graduate,,100,low,2218.8175463911116
46.21736916780059,77112.19184042071,high_school,1.2357828929941415,0,,2451.097555830652
20.905283390343953,59971.22399986419,high_school,-0.7556467164251925,200,medium,1873.1071000234986
48.2008340157197,64552.00351225005,high_school,0.056143340244167284,300,medium,2009.4454000020012
32.23728324678339,67672.70552878788,college,-0.9810871581162783,300,medium,2097.45856919143
47.39562021493818,,high_school,-0.4136052427444181,0,,1927.8181838983737
26.265564933733437,54042.08535124389,graduate,-0.2621042227446291,0,,1717.9269143971449
,55013.361984903444,college,-0.7258582206871392,0,,1686.5310055321142
,47736.62402505052,college,-1.215502858845695,0,,1508.3945311117973
35.601841659417985,66324.25244864744,high_school,-1.4135173236526528,0,,2017.9287335666102
31.356929023074787,58589.77238872267,high_school,-2.339748115707397,200,high,1802.9425902179203
19.127723489400225,50052.393740448526,high_school,-1.0563464635034578,0,,1556.5401795775624
41.803037591097876,50066.32771013111,graduate,0.6274938966718445,300,low,1626.0550717216388
38.020872788620736,41844.01908325817,college,-1.598498532013283,0,,1303.0396501235589
26.387767051823342,74682.620118558,college,-1.368122846253305,0,,2309.1780697462304
50.43622507574606,61179.26504297681,high_school,1.790898571232915,300,high,1947.0743217451356
39.60035541762421,47057.99970640095,high_school,-0.636496049848254,200,low,1494.357640013346
32.09116849625721,72128.21624403028,college,,100,low,2294.361080365953
38.345131132314634,51593.267853084406,college,0.6423171465004947,100,low,1642.7211248365525
,,college,0.6625261297812802,0,,1258.7167958471985
52.23524332506267,,high_school,-1.5223142306080597,0,,2277.2940487182336
,51943.545156508306,graduate,-0.23105967989949022,100,high,1632.7259956235534
52.42926022157823,53866.51364686816,high_school,-1.6182272695183921,100,high,1675.4624171883538
31.069056523359134,60617.70030523766,graduate,2.4463178589103234,200,high,1966.301326140156
45.388441208724366,,high_school,-1.5948752640156,0,,2324.782295293706
46.767867965837645,60300.559362994674,high_school,-1.0478402188698202,200,medium,1886.4156590691143
39.36196189801528,42013.243107821545,graduate,-1.0406008548415047,200,high,1331.9892551581606
50.22550003148901,,high_school,-1.4966604767228804,0,,2117.1394925139007
35.63479854426659,52725.15413607414,college,1.3525939097565454,0,,1695.50626934627
51.11784849331342,,college,2.422447901083496,100,high,2799.205922718859
51.622305258375505,,high_school,-0.4757491193126174,200,medium,1846.1989600169468
18.0,26474.467531520007,college,-1.32042314684441,200,medium,848.4873549132219
59.28366844212141,65360.47458233511,graduate,-2.236925498726021,200,high,1938.5827043415259
18.0,89168.96688390343,graduate,,100,medium,2782.44483609454
37.6074116933265,83638.80432818085,high_school,-0.31636542316144384,0,,2587.3389429737654
,87464.31433134848,college,-0.6512961263601446,100,medium,2674.587364694785
41.192559296970714,44703.59721927805,high_school,0.2213752539762284,0,,1419.3456080571495
,73682.28593965169,high_school,,200,low,2290.72580862147
31.875155259399953,49170.08190394932,high_school,0.32308325793790066,0,,1583.4116354675718
57.32286895584744,63364.34099125387,graduate,-0.3161248719684872,0,,1949.3632493865696
21.941945633416342,40905.713568904015,graduate,-1.101621829574262,100,medium,1303.389697604169
58.547893211544206,50333.16352675926,college,0.6658330978067158,100,high,1642.184980027396
44.33877481149253,49856.29953954577,college,0.012513759421530454,200,low,1603.605441336159
30.6912560346908,73478.32920213924,college,,100,low,2285.5524149384582
38.002619132367705,72010.78682504484,college,,300,high,2254.289800462462
32.793307906780306,64152.295939962314,college,-1.4217620690471156,200,medium,1973.9483769851724
55.394702410302344,39743.678729169216,college,-1.4342222074576032,300,medium,1220.1807060059102
53.78913371715406,55325.4084907542,high_school,-0.7555407187405284,200,low,1682.2133519361844
24.37006639348744,,high_school,-1.056265408290668,200,medium,1528.0809062597793
40.15689457776799,73045.13635041736,graduate,,200,medium,2303.732858600594
34.64177205186868,77672.77279225776,college,,100,medium,2461.6880961935117
60.522119621512445,75845.78379046325,graduate,1.0991839937853107,0,,2383.0233996643515
28.798810582482947,48671.70870874469,high_school,0.3964868174109183,100,medium,1581.0065281999587
64.25074925622016,18907.00316565781,college,0.20864958187336902,0,,616.0024397352258
,33495.571528049186,high_school,1.1997297803441704,0,,1097.9986217309722
31.056787123438948,81324.40467123313,high_school,0.4697273397350485,300,low,2552.7288059635157
36.87270979188867,53981.17591020264,high_school,0.0681009634377188,0,,1724.7165669254139
35.380573910778594,48739.130726023315,high_school,1.4804530339306854,100,high,1569.7493713217427
29.704579175813926,84639.9044015435,graduate,,200,medium,2638.28181708266
46.13792231676451,78977.39918232491,high_school,-0.30434060491792164,0,,2409.491212693246
,60366.7308287968,college,-0.8378232587776496,300,high,1867.1103238786159
18.835605495141735,55598.953634040394,college,0.7030254590454112,0,,1796.3800257574858
,58018.481807803124,college,1.2370505418424689,300,medium,1848.7448593317338
23.36572564298541,63407.44197581199,college,-0.05058740143343007,200,high,1984.042080290988
35.97406958318975,,high_school,,0,,2618.675802549703
,66337.0113635584,graduate,-1.970015031971576,0,,2010.9973390067262
,70890.43549558712,graduate,,0,,2252.9389783798183
69.01155721908185,77539.05163605257,college,,100,low,2391.9214209432457
45.67693880603485,42454.85998463372,college,-0.726994372407347,0,,1308.9513436307618
47.94445210794399,71322.92838711065,high_school,,300,medium,2280.9360177004437
23.683220443892466,55581.46868007583,graduate,-0.06619263268876116,0,,1731.6681187763345
37.15244239635694,,high_school,-0.4077307716044333,200,low,716.6658237131396
47.58363155929814,28077.45687021282,high_school,0.02596211343350502,0,,946.5175485106697
32.705653045043924,44728.235827219716,high_school,-2.0028137385258296,300,low,1362.5601876505623
55.896754122215825,67968.34842888873,college,-0.7598679253449151,0,,2126.1206415672305
30.56764096918764,61706.993480104444,college,0.9832399694454041,100,high,1963.5162262319802
41.563606369617894,62765.50060763496,college,-0.6289453549327747,100,low,1942.5952804724266
37.967380320293294,89264.15224030038,college,,0,,2746.892505335699
46.971847912582994,40963.65577710282,high_school,1.3095256365144003,200,low,1291.2577668078368
37.31411913773489,,graduate,1.340254400951829,0,,1923.304349550083
41.749276475148754,64566.532842207234,college,0.5169904721611418,100,high,2030.6513314322578
42.166438898664175,48955.90325192497,college,-0.4551173340386673,100,low,1563.66113595756
36.18734691130439,,high_school,-0.23947106511632352,200,low,1906.7628177614538
50.82112642196535,36000.759988734826,graduate,-0.804149961574959,0,,1117.8139038928773
47.8606604980491,81148.59325912542,high_school,,0,,2505.5270463264305
